,value,series_name,date
0,3.9,unemp_rate_Q,1967-10-01
1,3.8,unemp_rate_Q,1967-07-01
2,3.8,unemp_rate_Q,1967-04-01
3,3.8,unemp_rate_Q,1967-01-01
4,3.7,unemp_rate_Q,1966-10-01
5,3.8,unemp_rate_Q,1966-07-01
6,3.8,unemp_rate_Q,1966-04-01
7,3.9,unemp_rate_Q,1966-01-01
8,4.1,unemp_rate_Q,1965-10-01
9,4.4,unemp_rate_Q,1965-07-01
10,4.7,unemp_rate_Q,1965-04-01
11,4.9,unemp_rate_Q,1965-01-01
12,5.0,unemp_rate_Q,1964-10-01
13,5.0,unemp_rate_Q,1964-07-01
14,5.2,unemp_rate_Q,1964-04-01
15,5.5,unemp_rate_Q,1964-01-01
16,5.6,unemp_rate_Q,1963-10-01
17,5.5,unemp_rate_Q,1963-07-01
18,5.7,unemp_rate_Q,1963-04-01
19,5.8,unemp_rate_Q,1963-01-01
20,5.5,unemp_rate_Q,1962-10-01
21,5.6,unemp_rate_Q,1962-07-01
22,5.5,unemp_rate_Q,1962-04-01
23,5.6,unemp_rate_Q,1962-01-01
24,6.2,unemp_rate_Q,1961-10-01
25,6.8,unemp_rate_Q,1961-07-01
26,7.0,unemp_rate_Q,1961-04-01
27,6.8,unemp_rate_Q,1961-01-01
28,6.3,unemp_rate_Q,1960-10-01
29,5.6,unemp_rate_Q,1960-07-01
30,5.2,unemp_rate_Q,1960-04-01
31,5.2,unemp_rate_Q,1960-01-01
32,5.6,unemp_rate_Q,1959-10-01
33,5.3,unemp_rate_Q,1959-07-01
34,5.1,unemp_rate_Q,1959-04-01
35,5.8,unemp_rate_Q,1959-01-01
36,6.4,unemp_rate_Q,1958-10-01
37,7.3,unemp_rate_Q,1958-07-01
38,7.4,unemp_rate_Q,1958-04-01
39,6.3,unemp_rate_Q,1958-01-01
40,4.9,unemp_rate_Q,1957-10-01
41,4.2,unemp_rate_Q,1957-07-01
42,4.1,unemp_rate_Q,1957-04-01
43,4.0,unemp_rate_Q,1957-01-01
44,4.1,unemp_rate_Q,1956-10-01
45,4.1,unemp_rate_Q,1956-07-01
46,4.2,unemp_rate_Q,1956-04-01
47,4.0,unemp_rate_Q,1956-01-01
48,4.2,unemp_rate_Q,1955-10-01
49,4.1,unemp_rate_Q,1955-07-01
50,4.4,unemp_rate_Q,1955-04-01
51,4.7,unemp_rate_Q,1955-01-01
52,5.4,unemp_rate_Q,1954-10-01
53,6.0,unemp_rate_Q,1954-07-01
54,5.8,unemp_rate_Q,1954-04-01
55,5.2,unemp_rate_Q,1954-01-01
56,3.7,unemp_rate_Q,1953-10-01
57,2.7,unemp_rate_Q,1953-07-01
58,2.6,unemp_rate_Q,1953-04-01
59,2.7,unemp_rate_Q,1953-01-01
60,2.8,unemp_rate_Q,1952-10-01
61,3.2,unemp_rate_Q,1952-07-01
62,3.0,unemp_rate_Q,1952-04-01
63,3.1,unemp_rate_Q,1952-01-01
64,3.4,unemp_rate_Q,1951-10-01
65,3.2,unemp_rate_Q,1951-07-01
66,3.1,unemp_rate_Q,1951-04-01
67,3.5,unemp_rate_Q,1951-01-01
68,4.2,unemp_rate_Q,1950-10-01
69,4.6,unemp_rate_Q,1950-07-01
70,5.6,unemp_rate_Q,1950-04-01
71,6.4,unemp_rate_Q,1950-01-01
72,7.0,unemp_rate_Q,1949-10-01
73,6.7,unemp_rate_Q,1949-07-01
74,5.9,unemp_rate_Q,1949-04-01
75,4.6,unemp_rate_Q,1949-01-01
76,3.8,unemp_rate_Q,1948-10-01
77,3.8,unemp_rate_Q,1948-07-01
78,3.7,unemp_rate_Q,1948-04-01
79,3.7,unemp_rate_Q,1948-01-01
0,6.8,unemp_rate_Q,1986-10-01
1,7.0,unemp_rate_Q,1986-07-01
2,7.2,unemp_rate_Q,1986-04-01
3,7.0,unemp_rate_Q,1986-01-01
4,7.0,unemp_rate_Q,1985-10-01
5,7.2,unemp_rate_Q,1985-07-01
6,7.3,unemp_rate_Q,1985-04-01
7,7.3,unemp_rate_Q,1985-01-01
8,7.3,unemp_rate_Q,1984-10-01
9,7.4,unemp_rate_Q,1984-07-01
10,7.5,unemp_rate_Q,1984-04-01
11,7.9,unemp_rate_Q,1984-01-01
12,8.5,unemp_rate_Q,1983-10-01
13,9.4,unemp_rate_Q,1983-07-01
14,10.1,unemp_rate_Q,1983-04-01
15,10.4,unemp_rate_Q,1983-01-01
16,10.7,unemp_rate_Q,1982-10-01
17,9.9,unemp_rate_Q,1982-07-01
18,9.4,unemp_rate_Q,1982-04-01
19,8.8,unemp_rate_Q,1982-01-01
20,8.2,unemp_rate_Q,1981-10-01
21,7.4,unemp_rate_Q,1981-07-01
22,7.4,unemp_rate_Q,1981-04-01
23,7.4,unemp_rate_Q,1981-01-01
24,7.4,unemp_rate_Q,1980-10-01
25,7.7,unemp_rate_Q,1980-07-01
26,7.3,unemp_rate_Q,1980-04-01
27,6.3,unemp_rate_Q,1980-01-01
28,5.9,unemp_rate_Q,1979-10-01
29,5.9,unemp_rate_Q,1979-07-01
30,5.7,unemp_rate_Q,1979-04-01
31,5.9,unemp_rate_Q,1979-01-01
32,5.9,unemp_rate_Q,1978-10-01
33,6.0,unemp_rate_Q,1978-07-01
34,6.0,unemp_rate_Q,1978-04-01
35,6.3,unemp_rate_Q,1978-01-01
36,6.6,unemp_rate_Q,1977-10-01
37,6.9,unemp_rate_Q,1977-07-01
38,7.1,unemp_rate_Q,1977-04-01
39,7.5,unemp_rate_Q,1977-01-01
40,7.8,unemp_rate_Q,1976-10-01
41,7.7,unemp_rate_Q,1976-07-01
42,7.6,unemp_rate_Q,1976-04-01
43,7.7,unemp_rate_Q,1976-01-01
44,8.3,unemp_rate_Q,1975-10-01
45,8.5,unemp_rate_Q,1975-07-01
46,8.9,unemp_rate_Q,1975-04-01
47,8.2,unemp_rate_Q,1975-01-01
48,6.6,unemp_rate_Q,1974-10-01
49,5.6,unemp_rate_Q,1974-07-01
50,5.2,unemp_rate_Q,1974-04-01
51,5.1,unemp_rate_Q,1974-01-01
52,4.8,unemp_rate_Q,1973-10-01
53,4.8,unemp_rate_Q,1973-07-01
54,4.9,unemp_rate_Q,1973-04-01
55,5.0,unemp_rate_Q,1973-01-01
56,5.3,unemp_rate_Q,1972-10-01
57,5.6,unemp_rate_Q,1972-07-01
58,5.7,unemp_rate_Q,1972-04-01
59,5.8,unemp_rate_Q,1972-01-01
60,6.0,unemp_rate_Q,1971-10-01
61,6.0,unemp_rate_Q,1971-07-01
62,5.9,unemp_rate_Q,1971-04-01
63,5.9,unemp_rate_Q,1971-01-01
64,5.8,unemp_rate_Q,1970-10-01
65,5.2,unemp_rate_Q,1970-07-01
66,4.8,unemp_rate_Q,1970-04-01
67,4.2,unemp_rate_Q,1970-01-01
68,3.6,unemp_rate_Q,1969-10-01
69,3.6,unemp_rate_Q,1969-07-01
70,3.4,unemp_rate_Q,1969-04-01
71,3.4,unemp_rate_Q,1969-01-01
72,3.4,unemp_rate_Q,1968-10-01
73,3.5,unemp_rate_Q,1968-07-01
74,3.5,unemp_rate_Q,1968-04-01
75,3.7,unemp_rate_Q,1968-01-01
76,3.9,unemp_rate_Q,1967-10-01
77,3.8,unemp_rate_Q,1967-07-01
78,3.8,unemp_rate_Q,1967-04-01
79,3.8,unemp_rate_Q,1967-01-01
0,5.0,unemp_rate_Q,2005-10-01
1,5.0,unemp_rate_Q,2005-07-01
2,5.1,unemp_rate_Q,2005-04-01
3,5.3,unemp_rate_Q,2005-01-01
4,5.4,unemp_rate_Q,2004-10-01
5,5.4,unemp_rate_Q,2004-07-01
6,5.6,unemp_rate_Q,2004-04-01
7,5.7,unemp_rate_Q,2004-01-01
8,5.8,unemp_rate_Q,2003-10-01
9,6.1,unemp_rate_Q,2003-07-01
10,6.2,unemp_rate_Q,2003-04-01
11,5.9,unemp_rate_Q,2003-01-01
12,5.8,unemp_rate_Q,2002-10-01
13,5.7,unemp_rate_Q,2002-07-01
14,5.8,unemp_rate_Q,2002-04-01
15,5.7,unemp_rate_Q,2002-01-01
16,5.5,unemp_rate_Q,2001-10-01
17,4.8,unemp_rate_Q,2001-07-01
18,4.4,unemp_rate_Q,2001-04-01
19,4.2,unemp_rate_Q,2001-01-01
20,3.9,unemp_rate_Q,2000-10-01
21,4.0,unemp_rate_Q,2000-07-01
22,3.9,unemp_rate_Q,2000-04-01
23,4.0,unemp_rate_Q,2000-01-01
24,4.1,unemp_rate_Q,1999-10-01
25,4.2,unemp_rate_Q,1999-07-01
26,4.3,unemp_rate_Q,1999-04-01
27,4.3,unemp_rate_Q,1999-01-01
28,4.4,unemp_rate_Q,1998-10-01
29,4.5,unemp_rate_Q,1998-07-01
30,4.4,unemp_rate_Q,1998-04-01
31,4.6,unemp_rate_Q,1998-01-01
32,4.7,unemp_rate_Q,1997-10-01
33,4.9,unemp_rate_Q,1997-07-01
34,5.0,unemp_rate_Q,1997-04-01
35,5.2,unemp_rate_Q,1997-01-01
36,5.3,unemp_rate_Q,1996-10-01
37,5.3,unemp_rate_Q,1996-07-01
38,5.5,unemp_rate_Q,1996-04-01
39,5.5,unemp_rate_Q,1996-01-01
40,5.6,unemp_rate_Q,1995-10-01
41,5.7,unemp_rate_Q,1995-07-01
42,5.7,unemp_rate_Q,1995-04-01
43,5.5,unemp_rate_Q,1995-01-01
44,5.6,unemp_rate_Q,1994-10-01
45,6.0,unemp_rate_Q,1994-07-01
46,6.2,unemp_rate_Q,1994-04-01
47,6.6,unemp_rate_Q,1994-01-01
48,6.6,unemp_rate_Q,1993-10-01
49,6.8,unemp_rate_Q,1993-07-01
50,7.1,unemp_rate_Q,1993-04-01
51,7.2,unemp_rate_Q,1993-01-01
52,7.4,unemp_rate_Q,1992-10-01
53,7.6,unemp_rate_Q,1992-07-01
54,7.6,unemp_rate_Q,1992-04-01
55,7.4,unemp_rate_Q,1992-01-01
56,7.1,unemp_rate_Q,1991-10-01
57,6.9,unemp_rate_Q,1991-07-01
58,6.8,unemp_rate_Q,1991-04-01
59,6.6,unemp_rate_Q,1991-01-01
60,6.1,unemp_rate_Q,1990-10-01
61,5.7,unemp_rate_Q,1990-07-01
62,5.3,unemp_rate_Q,1990-04-01
63,5.3,unemp_rate_Q,1990-01-01
64,5.4,unemp_rate_Q,1989-10-01
65,5.3,unemp_rate_Q,1989-07-01
66,5.2,unemp_rate_Q,1989-04-01
67,5.2,unemp_rate_Q,1989-01-01
68,5.3,unemp_rate_Q,1988-10-01
69,5.5,unemp_rate_Q,1988-07-01
70,5.5,unemp_rate_Q,1988-04-01
71,5.7,unemp_rate_Q,1988-01-01
72,5.9,unemp_rate_Q,1987-10-01
73,6.0,unemp_rate_Q,1987-07-01
74,6.3,unemp_rate_Q,1987-04-01
75,6.6,unemp_rate_Q,1987-01-01
76,6.8,unemp_rate_Q,1986-10-01
77,7.0,unemp_rate_Q,1986-07-01
78,7.2,unemp_rate_Q,1986-04-01
79,7.0,unemp_rate_Q,1986-01-01
0,5.1,unemp_rate_Q,2021-07-01
1,5.9,unemp_rate_Q,2021-04-01
2,6.2,unemp_rate_Q,2021-01-01
3,6.7,unemp_rate_Q,2020-10-01
4,8.8,unemp_rate_Q,2020-07-01
5,13.0,unemp_rate_Q,2020-04-01
6,3.8,unemp_rate_Q,2020-01-01
7,3.6,unemp_rate_Q,2019-10-01
8,3.6,unemp_rate_Q,2019-07-01
9,3.7,unemp_rate_Q,2019-04-01
10,3.8,unemp_rate_Q,2019-01-01
11,3.8,unemp_rate_Q,2018-10-01
12,3.8,unemp_rate_Q,2018-07-01
13,3.9,unemp_rate_Q,2018-04-01
14,4.0,unemp_rate_Q,2018-01-01
15,4.2,unemp_rate_Q,2017-10-01
16,4.3,unemp_rate_Q,2017-07-01
17,4.4,unemp_rate_Q,2017-04-01
18,4.6,unemp_rate_Q,2017-01-01
19,4.8,unemp_rate_Q,2016-10-01
20,4.9,unemp_rate_Q,2016-07-01
21,4.9,unemp_rate_Q,2016-04-01
22,4.9,unemp_rate_Q,2016-01-01
23,5.0,unemp_rate_Q,2015-10-01
24,5.1,unemp_rate_Q,2015-07-01
25,5.4,unemp_rate_Q,2015-04-01
26,5.5,unemp_rate_Q,2015-01-01
27,5.7,unemp_rate_Q,2014-10-01
28,6.1,unemp_rate_Q,2014-07-01
29,6.2,unemp_rate_Q,2014-04-01
30,6.6,unemp_rate_Q,2014-01-01
31,7.0,unemp_rate_Q,2013-10-01
32,7.3,unemp_rate_Q,2013-07-01
33,7.5,unemp_rate_Q,2013-04-01
34,7.7,unemp_rate_Q,2013-01-01
35,7.8,unemp_rate_Q,2012-10-01
36,8.0,unemp_rate_Q,2012-07-01
37,8.2,unemp_rate_Q,2012-04-01
38,8.3,unemp_rate_Q,2012-01-01
39,8.7,unemp_rate_Q,2011-10-01
40,9.0,unemp_rate_Q,2011-07-01
41,9.1,unemp_rate_Q,2011-04-01
42,9.0,unemp_rate_Q,2011-01-01
43,9.5,unemp_rate_Q,2010-10-01
44,9.5,unemp_rate_Q,2010-07-01
45,9.7,unemp_rate_Q,2010-04-01
46,9.8,unemp_rate_Q,2010-01-01
47,9.9,unemp_rate_Q,2009-10-01
48,9.6,unemp_rate_Q,2009-07-01
49,9.3,unemp_rate_Q,2009-04-01
50,8.3,unemp_rate_Q,2009-01-01
51,6.9,unemp_rate_Q,2008-10-01
52,6.0,unemp_rate_Q,2008-07-01
53,5.3,unemp_rate_Q,2008-04-01
54,5.0,unemp_rate_Q,2008-01-01
55,4.8,unemp_rate_Q,2007-10-01
56,4.7,unemp_rate_Q,2007-07-01
57,4.5,unemp_rate_Q,2007-04-01
58,4.5,unemp_rate_Q,2007-01-01
59,4.5,unemp_rate_Q,2006-10-01
60,4.6,unemp_rate_Q,2006-07-01
61,4.7,unemp_rate_Q,2006-04-01
62,4.7,unemp_rate_Q,2006-01-01
63,5.0,unemp_rate_Q,2005-10-01
64,5.0,unemp_rate_Q,2005-07-01
65,5.1,unemp_rate_Q,2005-04-01
66,5.3,unemp_rate_Q,2005-01-01
0,59.9,LFP_rate_Q,1967-10-01
1,59.7,LFP_rate_Q,1967-07-01
2,59.4,LFP_rate_Q,1967-04-01
3,59.3,LFP_rate_Q,1967-01-01
4,59.5,LFP_rate_Q,1966-10-01
5,59.2,LFP_rate_Q,1966-07-01
6,59.0,LFP_rate_Q,1966-04-01
7,58.9,LFP_rate_Q,1966-01-01
8,58.9,LFP_rate_Q,1965-10-01
9,58.9,LFP_rate_Q,1965-07-01
10,58.9,LFP_rate_Q,1965-04-01
11,58.7,LFP_rate_Q,1965-01-01
12,58.5,LFP_rate_Q,1964-10-01
13,58.6,LFP_rate_Q,1964-07-01
14,59.0,LFP_rate_Q,1964-04-01
15,58.7,LFP_rate_Q,1964-01-01
16,58.7,LFP_rate_Q,1963-10-01
17,58.7,LFP_rate_Q,1963-07-01
18,58.7,LFP_rate_Q,1963-04-01
19,58.6,LFP_rate_Q,1963-01-01
20,58.6,LFP_rate_Q,1962-10-01
21,58.8,LFP_rate_Q,1962-07-01
22,58.8,LFP_rate_Q,1962-04-01
23,58.9,LFP_rate_Q,1962-01-01
24,59.0,LFP_rate_Q,1961-10-01
25,59.2,LFP_rate_Q,1961-07-01
26,59.5,LFP_rate_Q,1961-04-01
27,59.6,LFP_rate_Q,1961-01-01
28,59.6,LFP_rate_Q,1960-10-01
29,59.5,LFP_rate_Q,1960-07-01
30,59.6,LFP_rate_Q,1960-04-01
31,58.9,LFP_rate_Q,1960-01-01
32,59.3,LFP_rate_Q,1959-10-01
33,59.3,LFP_rate_Q,1959-07-01
34,59.3,LFP_rate_Q,1959-04-01
35,59.2,LFP_rate_Q,1959-01-01
36,59.3,LFP_rate_Q,1958-10-01
37,59.7,LFP_rate_Q,1958-07-01
38,59.7,LFP_rate_Q,1958-04-01
39,59.3,LFP_rate_Q,1958-01-01
40,59.5,LFP_rate_Q,1957-10-01
41,59.6,LFP_rate_Q,1957-07-01
42,59.6,LFP_rate_Q,1957-04-01
43,59.7,LFP_rate_Q,1957-01-01
44,59.8,LFP_rate_Q,1956-10-01
45,60.0,LFP_rate_Q,1956-07-01
46,60.1,LFP_rate_Q,1956-04-01
47,60.0,LFP_rate_Q,1956-01-01
48,60.0,LFP_rate_Q,1955-10-01
49,59.6,LFP_rate_Q,1955-07-01
50,58.9,LFP_rate_Q,1955-04-01
51,58.5,LFP_rate_Q,1955-01-01
52,58.5,LFP_rate_Q,1954-10-01
53,58.8,LFP_rate_Q,1954-07-01
54,58.8,LFP_rate_Q,1954-04-01
55,59.0,LFP_rate_Q,1954-01-01
56,58.5,LFP_rate_Q,1953-10-01
57,58.7,LFP_rate_Q,1953-07-01
58,58.9,LFP_rate_Q,1953-04-01
59,59.6,LFP_rate_Q,1953-01-01
60,59.0,LFP_rate_Q,1952-10-01
61,58.9,LFP_rate_Q,1952-07-01
62,59.0,LFP_rate_Q,1952-04-01
63,59.3,LFP_rate_Q,1952-01-01
64,59.4,LFP_rate_Q,1951-10-01
65,59.2,LFP_rate_Q,1951-07-01
66,59.2,LFP_rate_Q,1951-04-01
67,59.3,LFP_rate_Q,1951-01-01
68,59.2,LFP_rate_Q,1950-10-01
69,59.2,LFP_rate_Q,1950-07-01
70,59.2,LFP_rate_Q,1950-04-01
71,58.9,LFP_rate_Q,1950-01-01
72,59.4,LFP_rate_Q,1949-10-01
73,59.1,LFP_rate_Q,1949-07-01
74,58.8,LFP_rate_Q,1949-04-01
75,58.9,LFP_rate_Q,1949-01-01
76,58.8,LFP_rate_Q,1948-10-01
77,59.0,LFP_rate_Q,1948-07-01
78,58.8,LFP_rate_Q,1948-04-01
79,58.7,LFP_rate_Q,1948-01-01
0,65.4,LFP_rate_Q,1986-10-01
1,65.4,LFP_rate_Q,1986-07-01
2,65.2,LFP_rate_Q,1986-04-01
3,65.0,LFP_rate_Q,1986-01-01
4,64.9,LFP_rate_Q,1985-10-01
5,64.7,LFP_rate_Q,1985-07-01
6,64.7,LFP_rate_Q,1985-04-01
7,64.8,LFP_rate_Q,1985-01-01
8,64.5,LFP_rate_Q,1984-10-01
9,64.5,LFP_rate_Q,1984-07-01
10,64.5,LFP_rate_Q,1984-04-01
11,64.0,LFP_rate_Q,1984-01-01
12,64.1,LFP_rate_Q,1983-10-01
13,64.3,LFP_rate_Q,1983-07-01
14,63.9,LFP_rate_Q,1983-04-01
15,63.8,LFP_rate_Q,1983-01-01
16,64.1,LFP_rate_Q,1982-10-01
17,64.1,LFP_rate_Q,1982-07-01
18,64.0,LFP_rate_Q,1982-04-01
19,63.8,LFP_rate_Q,1982-01-01
20,63.8,LFP_rate_Q,1981-10-01
21,63.7,LFP_rate_Q,1981-07-01
22,64.1,LFP_rate_Q,1981-04-01
23,64.0,LFP_rate_Q,1981-01-01
24,63.7,LFP_rate_Q,1980-10-01
25,63.7,LFP_rate_Q,1980-07-01
26,63.8,LFP_rate_Q,1980-04-01
27,63.9,LFP_rate_Q,1980-01-01
28,63.8,LFP_rate_Q,1979-10-01
29,63.7,LFP_rate_Q,1979-07-01
30,63.4,LFP_rate_Q,1979-04-01
31,63.7,LFP_rate_Q,1979-01-01
32,63.5,LFP_rate_Q,1978-10-01
33,63.2,LFP_rate_Q,1978-07-01
34,63.1,LFP_rate_Q,1978-04-01
35,62.8,LFP_rate_Q,1978-01-01
36,62.6,LFP_rate_Q,1977-10-01
37,62.2,LFP_rate_Q,1977-07-01
38,62.2,LFP_rate_Q,1977-04-01
39,61.9,LFP_rate_Q,1977-01-01
40,61.8,LFP_rate_Q,1976-10-01
41,61.7,LFP_rate_Q,1976-07-01
42,61.5,LFP_rate_Q,1976-04-01
43,61.3,LFP_rate_Q,1976-01-01
44,61.1,LFP_rate_Q,1975-10-01
45,61.3,LFP_rate_Q,1975-07-01
46,61.3,LFP_rate_Q,1975-04-01
47,61.2,LFP_rate_Q,1975-01-01
48,61.3,LFP_rate_Q,1974-10-01
49,61.3,LFP_rate_Q,1974-07-01
50,61.2,LFP_rate_Q,1974-04-01
51,61.3,LFP_rate_Q,1974-01-01
52,61.1,LFP_rate_Q,1973-10-01
53,60.8,LFP_rate_Q,1973-07-01
54,60.8,LFP_rate_Q,1973-04-01
55,60.4,LFP_rate_Q,1973-01-01
56,60.4,LFP_rate_Q,1972-10-01
57,60.4,LFP_rate_Q,1972-07-01
58,60.4,LFP_rate_Q,1972-04-01
59,60.3,LFP_rate_Q,1972-01-01
60,60.3,LFP_rate_Q,1971-10-01
61,60.2,LFP_rate_Q,1971-07-01
62,60.0,LFP_rate_Q,1971-04-01
63,60.2,LFP_rate_Q,1971-01-01
64,60.4,LFP_rate_Q,1970-10-01
65,60.3,LFP_rate_Q,1970-07-01
66,60.4,LFP_rate_Q,1970-04-01
67,60.5,LFP_rate_Q,1970-01-01
68,60.3,LFP_rate_Q,1969-10-01
69,60.2,LFP_rate_Q,1969-07-01
70,60.0,LFP_rate_Q,1969-04-01
71,59.8,LFP_rate_Q,1969-01-01
72,59.6,LFP_rate_Q,1968-10-01
73,59.6,LFP_rate_Q,1968-07-01
74,59.8,LFP_rate_Q,1968-04-01
75,59.4,LFP_rate_Q,1968-01-01
76,59.9,LFP_rate_Q,1967-10-01
77,59.7,LFP_rate_Q,1967-07-01
78,59.4,LFP_rate_Q,1967-04-01
79,59.3,LFP_rate_Q,1967-01-01
0,66.0,LFP_rate_Q,2005-10-01
1,66.1,LFP_rate_Q,2005-07-01
2,66.1,LFP_rate_Q,2005-04-01
3,65.9,LFP_rate_Q,2005-01-01
4,66.0,LFP_rate_Q,2004-10-01
5,66.0,LFP_rate_Q,2004-07-01
6,66.0,LFP_rate_Q,2004-04-01
7,66.0,LFP_rate_Q,2004-01-01
8,66.1,LFP_rate_Q,2003-10-01
9,66.1,LFP_rate_Q,2003-07-01
10,66.4,LFP_rate_Q,2003-04-01
11,66.3,LFP_rate_Q,2003-01-01
12,66.4,LFP_rate_Q,2002-10-01
13,66.6,LFP_rate_Q,2002-07-01
14,66.7,LFP_rate_Q,2002-04-01
15,66.6,LFP_rate_Q,2002-01-01
16,66.7,LFP_rate_Q,2001-10-01
17,66.7,LFP_rate_Q,2001-07-01
18,66.8,LFP_rate_Q,2001-04-01
19,67.2,LFP_rate_Q,2001-01-01
20,66.9,LFP_rate_Q,2000-10-01
21,66.9,LFP_rate_Q,2000-07-01
22,67.2,LFP_rate_Q,2000-04-01
23,67.3,LFP_rate_Q,2000-01-01
24,67.1,LFP_rate_Q,1999-10-01
25,67.1,LFP_rate_Q,1999-07-01
26,67.1,LFP_rate_Q,1999-04-01
27,67.1,LFP_rate_Q,1999-01-01
28,67.2,LFP_rate_Q,1998-10-01
29,67.1,LFP_rate_Q,1998-07-01
30,67.0,LFP_rate_Q,1998-04-01
31,67.1,LFP_rate_Q,1998-01-01
32,67.1,LFP_rate_Q,1997-10-01
33,67.2,LFP_rate_Q,1997-07-01
34,67.1,LFP_rate_Q,1997-04-01
35,67.0,LFP_rate_Q,1997-01-01
36,67.0,LFP_rate_Q,1996-10-01
37,66.9,LFP_rate_Q,1996-07-01
38,66.7,LFP_rate_Q,1996-04-01
39,66.5,LFP_rate_Q,1996-01-01
40,66.5,LFP_rate_Q,1995-10-01
41,66.6,LFP_rate_Q,1995-07-01
42,66.6,LFP_rate_Q,1995-04-01
43,66.8,LFP_rate_Q,1995-01-01
44,66.7,LFP_rate_Q,1994-10-01
45,66.5,LFP_rate_Q,1994-07-01
46,66.5,LFP_rate_Q,1994-04-01
47,66.6,LFP_rate_Q,1994-01-01
48,66.3,LFP_rate_Q,1993-10-01
49,66.3,LFP_rate_Q,1993-07-01
50,66.2,LFP_rate_Q,1993-04-01
51,66.2,LFP_rate_Q,1993-01-01
52,66.3,LFP_rate_Q,1992-10-01
53,66.6,LFP_rate_Q,1992-07-01
54,66.6,LFP_rate_Q,1992-04-01
55,66.3,LFP_rate_Q,1992-01-01
56,66.1,LFP_rate_Q,1991-10-01
57,66.1,LFP_rate_Q,1991-07-01
58,66.3,LFP_rate_Q,1991-04-01
59,66.3,LFP_rate_Q,1991-01-01
60,66.4,LFP_rate_Q,1990-10-01
61,66.5,LFP_rate_Q,1990-07-01
62,66.5,LFP_rate_Q,1990-04-01
63,66.7,LFP_rate_Q,1990-01-01
64,66.5,LFP_rate_Q,1989-10-01
65,66.5,LFP_rate_Q,1989-07-01
66,66.4,LFP_rate_Q,1989-04-01
67,66.3,LFP_rate_Q,1989-01-01
68,66.1,LFP_rate_Q,1988-10-01
69,66.0,LFP_rate_Q,1988-07-01
70,65.8,LFP_rate_Q,1988-04-01
71,65.8,LFP_rate_Q,1988-01-01
72,65.7,LFP_rate_Q,1987-10-01
73,65.6,LFP_rate_Q,1987-07-01
74,65.6,LFP_rate_Q,1987-04-01
75,65.4,LFP_rate_Q,1987-01-01
76,65.4,LFP_rate_Q,1986-10-01
77,65.4,LFP_rate_Q,1986-07-01
78,65.2,LFP_rate_Q,1986-04-01
79,65.0,LFP_rate_Q,1986-01-01
0,61.7,LFP_rate_Q,2021-07-01
1,61.6,LFP_rate_Q,2021-04-01
2,61.4,LFP_rate_Q,2021-01-01
3,61.5,LFP_rate_Q,2020-10-01
4,61.5,LFP_rate_Q,2020-07-01
5,60.8,LFP_rate_Q,2020-04-01
6,63.1,LFP_rate_Q,2020-01-01
7,63.2,LFP_rate_Q,2019-10-01
8,63.1,LFP_rate_Q,2019-07-01
9,62.9,LFP_rate_Q,2019-04-01
10,63.1,LFP_rate_Q,2019-01-01
11,62.9,LFP_rate_Q,2018-10-01
12,62.8,LFP_rate_Q,2018-07-01
13,62.9,LFP_rate_Q,2018-04-01
14,62.9,LFP_rate_Q,2018-01-01
15,62.7,LFP_rate_Q,2017-10-01
16,62.9,LFP_rate_Q,2017-07-01
17,62.9,LFP_rate_Q,2017-04-01
18,62.9,LFP_rate_Q,2017-01-01
19,62.7,LFP_rate_Q,2016-10-01
20,62.8,LFP_rate_Q,2016-07-01
21,62.8,LFP_rate_Q,2016-04-01
22,62.8,LFP_rate_Q,2016-01-01
23,62.6,LFP_rate_Q,2015-10-01
24,62.5,LFP_rate_Q,2015-07-01
25,62.8,LFP_rate_Q,2015-04-01
26,62.7,LFP_rate_Q,2015-01-01
27,62.9,LFP_rate_Q,2014-10-01
28,62.9,LFP_rate_Q,2014-07-01
29,62.8,LFP_rate_Q,2014-04-01
30,63.0,LFP_rate_Q,2014-01-01
31,62.9,LFP_rate_Q,2013-10-01
32,63.3,LFP_rate_Q,2013-07-01
33,63.4,LFP_rate_Q,2013-04-01
34,63.5,LFP_rate_Q,2013-01-01
35,63.7,LFP_rate_Q,2012-10-01
36,63.6,LFP_rate_Q,2012-07-01
37,63.7,LFP_rate_Q,2012-04-01
38,63.8,LFP_rate_Q,2012-01-01
39,64.1,LFP_rate_Q,2011-10-01
40,64.1,LFP_rate_Q,2011-07-01
41,64.1,LFP_rate_Q,2011-04-01
42,64.2,LFP_rate_Q,2011-01-01
43,64.4,LFP_rate_Q,2010-10-01
44,64.6,LFP_rate_Q,2010-07-01
45,64.9,LFP_rate_Q,2010-04-01
46,64.9,LFP_rate_Q,2010-01-01
47,64.9,LFP_rate_Q,2009-10-01
48,65.3,LFP_rate_Q,2009-07-01
49,65.7,LFP_rate_Q,2009-04-01
50,65.7,LFP_rate_Q,2009-01-01
51,65.9,LFP_rate_Q,2008-10-01
52,66.0,LFP_rate_Q,2008-07-01
53,66.0,LFP_rate_Q,2008-04-01
54,66.1,LFP_rate_Q,2008-01-01
55,66.0,LFP_rate_Q,2007-10-01
56,65.9,LFP_rate_Q,2007-07-01
57,66.0,LFP_rate_Q,2007-04-01
58,66.3,LFP_rate_Q,2007-01-01
59,66.3,LFP_rate_Q,2006-10-01
60,66.1,LFP_rate_Q,2006-07-01
61,66.1,LFP_rate_Q,2006-04-01
62,66.1,LFP_rate_Q,2006-01-01
63,66.0,LFP_rate_Q,2005-10-01
64,66.1,LFP_rate_Q,2005-07-01
65,66.1,LFP_rate_Q,2005-04-01
66,65.9,LFP_rate_Q,2005-01-01
0,3.1,unemp_rate_M_Q,1967-10-01
1,3.0,unemp_rate_M_Q,1967-07-01
2,3.1,unemp_rate_M_Q,1967-04-01
3,3.0,unemp_rate_M_Q,1967-01-01
4,3.1,unemp_rate_M_Q,1966-10-01
5,3.2,unemp_rate_M_Q,1966-07-01
6,3.2,unemp_rate_M_Q,1966-04-01
7,3.3,unemp_rate_M_Q,1966-01-01
8,3.5,unemp_rate_M_Q,1965-10-01
9,3.9,unemp_rate_M_Q,1965-07-01
10,4.1,unemp_rate_M_Q,1965-04-01
11,4.3,unemp_rate_M_Q,1965-01-01
12,4.4,unemp_rate_M_Q,1964-10-01
13,4.5,unemp_rate_M_Q,1964-07-01
14,4.7,unemp_rate_M_Q,1964-04-01
15,4.9,unemp_rate_M_Q,1964-01-01
16,5.1,unemp_rate_M_Q,1963-10-01
17,5.0,unemp_rate_M_Q,1963-07-01
18,5.3,unemp_rate_M_Q,1963-04-01
19,5.5,unemp_rate_M_Q,1963-01-01
20,5.2,unemp_rate_M_Q,1962-10-01
21,5.2,unemp_rate_M_Q,1962-07-01
22,5.2,unemp_rate_M_Q,1962-04-01
23,5.2,unemp_rate_M_Q,1962-01-01
24,5.9,unemp_rate_M_Q,1961-10-01
25,6.5,unemp_rate_M_Q,1961-07-01
26,6.7,unemp_rate_M_Q,1961-04-01
27,6.6,unemp_rate_M_Q,1961-01-01
28,6.1,unemp_rate_M_Q,1960-10-01
29,5.5,unemp_rate_M_Q,1960-07-01
30,5.1,unemp_rate_M_Q,1960-04-01
31,4.9,unemp_rate_M_Q,1960-01-01
32,5.5,unemp_rate_M_Q,1959-10-01
33,5.1,unemp_rate_M_Q,1959-07-01
34,4.8,unemp_rate_M_Q,1959-04-01
35,5.7,unemp_rate_M_Q,1959-01-01
36,6.4,unemp_rate_M_Q,1958-10-01
37,7.4,unemp_rate_M_Q,1958-07-01
38,7.4,unemp_rate_M_Q,1958-04-01
39,6.2,unemp_rate_M_Q,1958-01-01
40,4.9,unemp_rate_M_Q,1957-10-01
41,4.0,unemp_rate_M_Q,1957-07-01
42,3.8,unemp_rate_M_Q,1957-04-01
43,3.7,unemp_rate_M_Q,1957-01-01
44,3.8,unemp_rate_M_Q,1956-10-01
45,3.7,unemp_rate_M_Q,1956-07-01
46,3.8,unemp_rate_M_Q,1956-04-01
47,3.8,unemp_rate_M_Q,1956-01-01
48,3.9,unemp_rate_M_Q,1955-10-01
49,3.8,unemp_rate_M_Q,1955-07-01
50,4.2,unemp_rate_M_Q,1955-04-01
51,4.6,unemp_rate_M_Q,1955-01-01
52,5.3,unemp_rate_M_Q,1954-10-01
53,5.8,unemp_rate_M_Q,1954-07-01
54,5.6,unemp_rate_M_Q,1954-04-01
55,4.9,unemp_rate_M_Q,1954-01-01
56,3.5,unemp_rate_M_Q,1953-10-01
57,2.6,unemp_rate_M_Q,1953-07-01
58,2.5,unemp_rate_M_Q,1953-04-01
59,2.5,unemp_rate_M_Q,1953-01-01
60,2.5,unemp_rate_M_Q,1952-10-01
61,3.1,unemp_rate_M_Q,1952-07-01
62,2.7,unemp_rate_M_Q,1952-04-01
63,2.8,unemp_rate_M_Q,1952-01-01
64,2.9,unemp_rate_M_Q,1951-10-01
65,2.8,unemp_rate_M_Q,1951-07-01
66,2.6,unemp_rate_M_Q,1951-04-01
67,3.0,unemp_rate_M_Q,1951-01-01
68,3.8,unemp_rate_M_Q,1950-10-01
69,4.4,unemp_rate_M_Q,1950-07-01
70,5.5,unemp_rate_M_Q,1950-04-01
71,6.2,unemp_rate_M_Q,1950-01-01
72,7.1,unemp_rate_M_Q,1949-10-01
73,6.6,unemp_rate_M_Q,1949-07-01
74,5.8,unemp_rate_M_Q,1949-04-01
75,4.6,unemp_rate_M_Q,1949-01-01
76,3.7,unemp_rate_M_Q,1948-10-01
77,3.6,unemp_rate_M_Q,1948-07-01
78,3.5,unemp_rate_M_Q,1948-04-01
79,3.6,unemp_rate_M_Q,1948-01-01
0,6.9,unemp_rate_M_Q,1986-10-01
1,7.0,unemp_rate_M_Q,1986-07-01
2,7.1,unemp_rate_M_Q,1986-04-01
3,6.8,unemp_rate_M_Q,1986-01-01
4,6.9,unemp_rate_M_Q,1985-10-01
5,7.0,unemp_rate_M_Q,1985-07-01
6,7.1,unemp_rate_M_Q,1985-04-01
7,7.1,unemp_rate_M_Q,1985-01-01
8,7.1,unemp_rate_M_Q,1984-10-01
9,7.3,unemp_rate_M_Q,1984-07-01
10,7.4,unemp_rate_M_Q,1984-04-01
11,7.9,unemp_rate_M_Q,1984-01-01
12,8.7,unemp_rate_M_Q,1983-10-01
13,9.7,unemp_rate_M_Q,1983-07-01
14,10.4,unemp_rate_M_Q,1983-04-01
15,10.8,unemp_rate_M_Q,1983-01-01
16,11.1,unemp_rate_M_Q,1982-10-01
17,10.3,unemp_rate_M_Q,1982-07-01
18,9.5,unemp_rate_M_Q,1982-04-01
19,8.9,unemp_rate_M_Q,1982-01-01
20,8.1,unemp_rate_M_Q,1981-10-01
21,7.1,unemp_rate_M_Q,1981-07-01
22,7.2,unemp_rate_M_Q,1981-04-01
23,7.2,unemp_rate_M_Q,1981-01-01
24,7.2,unemp_rate_M_Q,1980-10-01
25,7.7,unemp_rate_M_Q,1980-07-01
26,7.2,unemp_rate_M_Q,1980-04-01
27,5.8,unemp_rate_M_Q,1980-01-01
28,5.3,unemp_rate_M_Q,1979-10-01
29,5.2,unemp_rate_M_Q,1979-07-01
30,4.9,unemp_rate_M_Q,1979-04-01
31,5.1,unemp_rate_M_Q,1979-01-01
32,5.1,unemp_rate_M_Q,1978-10-01
33,5.1,unemp_rate_M_Q,1978-07-01
34,5.1,unemp_rate_M_Q,1978-04-01
35,5.6,unemp_rate_M_Q,1978-01-01
36,5.8,unemp_rate_M_Q,1977-10-01
37,6.0,unemp_rate_M_Q,1977-07-01
38,6.4,unemp_rate_M_Q,1977-04-01
39,6.8,unemp_rate_M_Q,1977-01-01
40,7.2,unemp_rate_M_Q,1976-10-01
41,7.0,unemp_rate_M_Q,1976-07-01
42,7.0,unemp_rate_M_Q,1976-04-01
43,7.1,unemp_rate_M_Q,1976-01-01
44,7.7,unemp_rate_M_Q,1975-10-01
45,8.0,unemp_rate_M_Q,1975-07-01
46,8.3,unemp_rate_M_Q,1975-04-01
47,7.5,unemp_rate_M_Q,1975-01-01
48,5.8,unemp_rate_M_Q,1974-10-01
49,4.8,unemp_rate_M_Q,1974-07-01
50,4.5,unemp_rate_M_Q,1974-04-01
51,4.4,unemp_rate_M_Q,1974-01-01
52,4.1,unemp_rate_M_Q,1973-10-01
53,4.0,unemp_rate_M_Q,1973-07-01
54,4.3,unemp_rate_M_Q,1973-04-01
55,4.3,unemp_rate_M_Q,1973-01-01
56,4.7,unemp_rate_M_Q,1972-10-01
57,4.8,unemp_rate_M_Q,1972-07-01
58,5.0,unemp_rate_M_Q,1972-04-01
59,5.3,unemp_rate_M_Q,1972-01-01
60,5.4,unemp_rate_M_Q,1971-10-01
61,5.4,unemp_rate_M_Q,1971-07-01
62,5.3,unemp_rate_M_Q,1971-04-01
63,5.3,unemp_rate_M_Q,1971-01-01
64,5.2,unemp_rate_M_Q,1970-10-01
65,4.7,unemp_rate_M_Q,1970-07-01
66,4.2,unemp_rate_M_Q,1970-04-01
67,3.5,unemp_rate_M_Q,1970-01-01
68,2.9,unemp_rate_M_Q,1969-10-01
69,2.9,unemp_rate_M_Q,1969-07-01
70,2.7,unemp_rate_M_Q,1969-04-01
71,2.7,unemp_rate_M_Q,1969-01-01
72,2.7,unemp_rate_M_Q,1968-10-01
73,2.8,unemp_rate_M_Q,1968-07-01
74,2.8,unemp_rate_M_Q,1968-04-01
75,3.0,unemp_rate_M_Q,1968-01-01
76,3.1,unemp_rate_M_Q,1967-10-01
77,3.0,unemp_rate_M_Q,1967-07-01
78,3.1,unemp_rate_M_Q,1967-04-01
79,3.0,unemp_rate_M_Q,1967-01-01
0,4.9,unemp_rate_M_Q,2005-10-01
1,4.9,unemp_rate_M_Q,2005-07-01
2,5.0,unemp_rate_M_Q,2005-04-01
3,5.4,unemp_rate_M_Q,2005-01-01
4,5.6,unemp_rate_M_Q,2004-10-01
5,5.6,unemp_rate_M_Q,2004-07-01
6,5.7,unemp_rate_M_Q,2004-04-01
7,5.7,unemp_rate_M_Q,2004-01-01
8,6.1,unemp_rate_M_Q,2003-10-01
9,6.4,unemp_rate_M_Q,2003-07-01
10,6.5,unemp_rate_M_Q,2003-04-01
11,6.1,unemp_rate_M_Q,2003-01-01
12,6.1,unemp_rate_M_Q,2002-10-01
13,5.9,unemp_rate_M_Q,2002-07-01
14,5.9,unemp_rate_M_Q,2002-04-01
15,5.8,unemp_rate_M_Q,2002-01-01
16,5.6,unemp_rate_M_Q,2001-10-01
17,4.9,unemp_rate_M_Q,2001-07-01
18,4.5,unemp_rate_M_Q,2001-04-01
19,4.3,unemp_rate_M_Q,2001-01-01
20,3.9,unemp_rate_M_Q,2000-10-01
21,3.9,unemp_rate_M_Q,2000-07-01
22,3.8,unemp_rate_M_Q,2000-04-01
23,3.9,unemp_rate_M_Q,2000-01-01
24,4.0,unemp_rate_M_Q,1999-10-01
25,4.1,unemp_rate_M_Q,1999-07-01
26,4.1,unemp_rate_M_Q,1999-04-01
27,4.2,unemp_rate_M_Q,1999-01-01
28,4.3,unemp_rate_M_Q,1998-10-01
29,4.5,unemp_rate_M_Q,1998-07-01
30,4.3,unemp_rate_M_Q,1998-04-01
31,4.5,unemp_rate_M_Q,1998-01-01
32,4.6,unemp_rate_M_Q,1997-10-01
33,4.8,unemp_rate_M_Q,1997-07-01
34,4.9,unemp_rate_M_Q,1997-04-01
35,5.2,unemp_rate_M_Q,1997-01-01
36,5.1,unemp_rate_M_Q,1996-10-01
37,5.2,unemp_rate_M_Q,1996-07-01
38,5.5,unemp_rate_M_Q,1996-04-01
39,5.6,unemp_rate_M_Q,1996-01-01
40,5.6,unemp_rate_M_Q,1995-10-01
41,5.6,unemp_rate_M_Q,1995-07-01
42,5.7,unemp_rate_M_Q,1995-04-01
43,5.5,unemp_rate_M_Q,1995-01-01
44,5.6,unemp_rate_M_Q,1994-10-01
45,6.1,unemp_rate_M_Q,1994-07-01
46,6.2,unemp_rate_M_Q,1994-04-01
47,6.7,unemp_rate_M_Q,1994-01-01
48,6.7,unemp_rate_M_Q,1993-10-01
49,7.1,unemp_rate_M_Q,1993-07-01
50,7.4,unemp_rate_M_Q,1993-04-01
51,7.5,unemp_rate_M_Q,1993-01-01
52,7.7,unemp_rate_M_Q,1992-10-01
53,8.0,unemp_rate_M_Q,1992-07-01
54,8.0,unemp_rate_M_Q,1992-04-01
55,7.9,unemp_rate_M_Q,1992-01-01
56,7.4,unemp_rate_M_Q,1991-10-01
57,7.2,unemp_rate_M_Q,1991-07-01
58,7.1,unemp_rate_M_Q,1991-04-01
59,6.9,unemp_rate_M_Q,1991-01-01
60,6.3,unemp_rate_M_Q,1990-10-01
61,5.7,unemp_rate_M_Q,1990-07-01
62,5.4,unemp_rate_M_Q,1990-04-01
63,5.3,unemp_rate_M_Q,1990-01-01
64,5.4,unemp_rate_M_Q,1989-10-01
65,5.1,unemp_rate_M_Q,1989-07-01
66,5.1,unemp_rate_M_Q,1989-04-01
67,5.2,unemp_rate_M_Q,1989-01-01
68,5.4,unemp_rate_M_Q,1988-10-01
69,5.4,unemp_rate_M_Q,1988-07-01
70,5.4,unemp_rate_M_Q,1988-04-01
71,5.6,unemp_rate_M_Q,1988-01-01
72,5.8,unemp_rate_M_Q,1987-10-01
73,6.0,unemp_rate_M_Q,1987-07-01
74,6.4,unemp_rate_M_Q,1987-04-01
75,6.6,unemp_rate_M_Q,1987-01-01
76,6.9,unemp_rate_M_Q,1986-10-01
77,7.0,unemp_rate_M_Q,1986-07-01
78,7.1,unemp_rate_M_Q,1986-04-01
79,6.8,unemp_rate_M_Q,1986-01-01
0,5.3,unemp_rate_M_Q,2021-07-01
1,6.1,unemp_rate_M_Q,2021-04-01
2,6.3,unemp_rate_M_Q,2021-01-01
3,6.9,unemp_rate_M_Q,2020-10-01
4,8.6,unemp_rate_M_Q,2020-07-01
5,12.1,unemp_rate_M_Q,2020-04-01
6,3.8,unemp_rate_M_Q,2020-01-01
7,3.6,unemp_rate_M_Q,2019-10-01
8,3.7,unemp_rate_M_Q,2019-07-01
9,3.7,unemp_rate_M_Q,2019-04-01
10,3.9,unemp_rate_M_Q,2019-01-01
11,3.8,unemp_rate_M_Q,2018-10-01
12,3.8,unemp_rate_M_Q,2018-07-01
13,4.1,unemp_rate_M_Q,2018-04-01
14,4.0,unemp_rate_M_Q,2018-01-01
15,4.2,unemp_rate_M_Q,2017-10-01
16,4.4,unemp_rate_M_Q,2017-07-01
17,4.4,unemp_rate_M_Q,2017-04-01
18,4.6,unemp_rate_M_Q,2017-01-01
19,4.9,unemp_rate_M_Q,2016-10-01
20,5.0,unemp_rate_M_Q,2016-07-01
21,5.0,unemp_rate_M_Q,2016-04-01
22,4.9,unemp_rate_M_Q,2016-01-01
23,5.1,unemp_rate_M_Q,2015-10-01
24,5.1,unemp_rate_M_Q,2015-07-01
25,5.5,unemp_rate_M_Q,2015-04-01
26,5.7,unemp_rate_M_Q,2015-01-01
27,5.7,unemp_rate_M_Q,2014-10-01
28,6.1,unemp_rate_M_Q,2014-07-01
29,6.4,unemp_rate_M_Q,2014-04-01
30,6.8,unemp_rate_M_Q,2014-01-01
31,7.2,unemp_rate_M_Q,2013-10-01
32,7.7,unemp_rate_M_Q,2013-07-01
33,7.8,unemp_rate_M_Q,2013-04-01
34,7.8,unemp_rate_M_Q,2013-01-01
35,7.9,unemp_rate_M_Q,2012-10-01
36,8.2,unemp_rate_M_Q,2012-07-01
37,8.4,unemp_rate_M_Q,2012-04-01
38,8.4,unemp_rate_M_Q,2012-01-01
39,9.0,unemp_rate_M_Q,2011-10-01
40,9.4,unemp_rate_M_Q,2011-07-01
41,9.6,unemp_rate_M_Q,2011-04-01
42,9.6,unemp_rate_M_Q,2011-01-01
43,10.2,unemp_rate_M_Q,2010-10-01
44,10.3,unemp_rate_M_Q,2010-07-01
45,10.6,unemp_rate_M_Q,2010-04-01
46,11.0,unemp_rate_M_Q,2010-01-01
47,11.0,unemp_rate_M_Q,2009-10-01
48,10.7,unemp_rate_M_Q,2009-07-01
49,10.4,unemp_rate_M_Q,2009-04-01
50,9.2,unemp_rate_M_Q,2009-01-01
51,7.5,unemp_rate_M_Q,2008-10-01
52,6.4,unemp_rate_M_Q,2008-07-01
53,5.5,unemp_rate_M_Q,2008-04-01
54,5.1,unemp_rate_M_Q,2008-01-01
55,4.9,unemp_rate_M_Q,2007-10-01
56,4.7,unemp_rate_M_Q,2007-07-01
57,4.6,unemp_rate_M_Q,2007-04-01
58,4.7,unemp_rate_M_Q,2007-01-01
59,4.5,unemp_rate_M_Q,2006-10-01
60,4.6,unemp_rate_M_Q,2006-07-01
61,4.7,unemp_rate_M_Q,2006-04-01
62,4.7,unemp_rate_M_Q,2006-01-01
63,4.9,unemp_rate_M_Q,2005-10-01
64,4.9,unemp_rate_M_Q,2005-07-01
65,5.0,unemp_rate_M_Q,2005-04-01
66,5.4,unemp_rate_M_Q,2005-01-01
0,80.4,LFP_rate_M_Q,1967-10-01
1,80.5,LFP_rate_M_Q,1967-07-01
2,80.4,LFP_rate_M_Q,1967-04-01
3,80.4,LFP_rate_M_Q,1967-01-01
4,80.4,LFP_rate_M_Q,1966-10-01
5,80.4,LFP_rate_M_Q,1966-07-01
6,80.4,LFP_rate_M_Q,1966-04-01
7,80.4,LFP_rate_M_Q,1966-01-01
8,80.4,LFP_rate_M_Q,1965-10-01
9,80.6,LFP_rate_M_Q,1965-07-01
10,80.9,LFP_rate_M_Q,1965-04-01
11,80.8,LFP_rate_M_Q,1965-01-01
12,80.8,LFP_rate_M_Q,1964-10-01
13,81.0,LFP_rate_M_Q,1964-07-01
14,81.2,LFP_rate_M_Q,1964-04-01
15,81.0,LFP_rate_M_Q,1964-01-01
16,81.2,LFP_rate_M_Q,1963-10-01
17,81.4,LFP_rate_M_Q,1963-07-01
18,81.4,LFP_rate_M_Q,1963-04-01
19,81.4,LFP_rate_M_Q,1963-01-01
20,81.6,LFP_rate_M_Q,1962-10-01
21,81.9,LFP_rate_M_Q,1962-07-01
22,82.2,LFP_rate_M_Q,1962-04-01
23,82.4,LFP_rate_M_Q,1962-01-01
24,82.6,LFP_rate_M_Q,1961-10-01
25,82.8,LFP_rate_M_Q,1961-07-01
26,83.0,LFP_rate_M_Q,1961-04-01
27,83.1,LFP_rate_M_Q,1961-01-01
28,83.5,LFP_rate_M_Q,1960-10-01
29,83.3,LFP_rate_M_Q,1960-07-01
30,83.4,LFP_rate_M_Q,1960-04-01
31,83.3,LFP_rate_M_Q,1960-01-01
32,83.8,LFP_rate_M_Q,1959-10-01
33,83.8,LFP_rate_M_Q,1959-07-01
34,83.7,LFP_rate_M_Q,1959-04-01
35,83.7,LFP_rate_M_Q,1959-01-01
36,84.1,LFP_rate_M_Q,1958-10-01
37,84.6,LFP_rate_M_Q,1958-07-01
38,84.4,LFP_rate_M_Q,1958-04-01
39,84.0,LFP_rate_M_Q,1958-01-01
40,84.4,LFP_rate_M_Q,1957-10-01
41,84.7,LFP_rate_M_Q,1957-07-01
42,85.0,LFP_rate_M_Q,1957-04-01
43,85.0,LFP_rate_M_Q,1957-01-01
44,85.1,LFP_rate_M_Q,1956-10-01
45,85.4,LFP_rate_M_Q,1956-07-01
46,85.7,LFP_rate_M_Q,1956-04-01
47,85.9,LFP_rate_M_Q,1956-01-01
48,85.8,LFP_rate_M_Q,1955-10-01
49,85.4,LFP_rate_M_Q,1955-07-01
50,85.0,LFP_rate_M_Q,1955-04-01
51,84.9,LFP_rate_M_Q,1955-01-01
52,85.2,LFP_rate_M_Q,1954-10-01
53,85.8,LFP_rate_M_Q,1954-07-01
54,85.6,LFP_rate_M_Q,1954-04-01
55,85.9,LFP_rate_M_Q,1954-01-01
56,85.7,LFP_rate_M_Q,1953-10-01
57,85.7,LFP_rate_M_Q,1953-07-01
58,86.0,LFP_rate_M_Q,1953-04-01
59,86.7,LFP_rate_M_Q,1953-01-01
60,85.9,LFP_rate_M_Q,1952-10-01
61,86.0,LFP_rate_M_Q,1952-07-01
62,86.4,LFP_rate_M_Q,1952-04-01
63,86.8,LFP_rate_M_Q,1952-01-01
64,86.7,LFP_rate_M_Q,1951-10-01
65,86.4,LFP_rate_M_Q,1951-07-01
66,86.4,LFP_rate_M_Q,1951-04-01
67,86.4,LFP_rate_M_Q,1951-01-01
68,86.3,LFP_rate_M_Q,1950-10-01
69,86.4,LFP_rate_M_Q,1950-07-01
70,86.2,LFP_rate_M_Q,1950-04-01
71,86.1,LFP_rate_M_Q,1950-01-01
72,86.9,LFP_rate_M_Q,1949-10-01
73,86.4,LFP_rate_M_Q,1949-07-01
74,86.5,LFP_rate_M_Q,1949-04-01
75,86.5,LFP_rate_M_Q,1949-01-01
76,86.7,LFP_rate_M_Q,1948-10-01
77,86.6,LFP_rate_M_Q,1948-07-01
78,86.4,LFP_rate_M_Q,1948-04-01
79,86.7,LFP_rate_M_Q,1948-01-01
0,76.3,LFP_rate_M_Q,1986-10-01
1,76.3,LFP_rate_M_Q,1986-07-01
2,76.3,LFP_rate_M_Q,1986-04-01
3,76.2,LFP_rate_M_Q,1986-01-01
4,76.3,LFP_rate_M_Q,1985-10-01
5,76.2,LFP_rate_M_Q,1985-07-01
6,76.3,LFP_rate_M_Q,1985-04-01
7,76.3,LFP_rate_M_Q,1985-01-01
8,76.4,LFP_rate_M_Q,1984-10-01
9,76.4,LFP_rate_M_Q,1984-07-01
10,76.4,LFP_rate_M_Q,1984-04-01
11,76.2,LFP_rate_M_Q,1984-01-01
12,76.4,LFP_rate_M_Q,1983-10-01
13,76.7,LFP_rate_M_Q,1983-07-01
14,76.4,LFP_rate_M_Q,1983-04-01
15,76.0,LFP_rate_M_Q,1983-01-01
16,76.7,LFP_rate_M_Q,1982-10-01
17,76.6,LFP_rate_M_Q,1982-07-01
18,76.7,LFP_rate_M_Q,1982-04-01
19,76.6,LFP_rate_M_Q,1982-01-01
20,76.7,LFP_rate_M_Q,1981-10-01
21,76.7,LFP_rate_M_Q,1981-07-01
22,77.2,LFP_rate_M_Q,1981-04-01
23,77.3,LFP_rate_M_Q,1981-01-01
24,77.2,LFP_rate_M_Q,1980-10-01
25,77.4,LFP_rate_M_Q,1980-07-01
26,77.5,LFP_rate_M_Q,1980-04-01
27,77.7,LFP_rate_M_Q,1980-01-01
28,77.6,LFP_rate_M_Q,1979-10-01
29,77.8,LFP_rate_M_Q,1979-07-01
30,77.7,LFP_rate_M_Q,1979-04-01
31,78.2,LFP_rate_M_Q,1979-01-01
32,77.9,LFP_rate_M_Q,1978-10-01
33,77.7,LFP_rate_M_Q,1978-07-01
34,77.9,LFP_rate_M_Q,1978-04-01
35,77.8,LFP_rate_M_Q,1978-01-01
36,77.9,LFP_rate_M_Q,1977-10-01
37,77.5,LFP_rate_M_Q,1977-07-01
38,77.6,LFP_rate_M_Q,1977-04-01
39,77.5,LFP_rate_M_Q,1977-01-01
40,77.6,LFP_rate_M_Q,1976-10-01
41,77.6,LFP_rate_M_Q,1976-07-01
42,77.5,LFP_rate_M_Q,1976-04-01
43,77.4,LFP_rate_M_Q,1976-01-01
44,77.4,LFP_rate_M_Q,1975-10-01
45,77.9,LFP_rate_M_Q,1975-07-01
46,78.1,LFP_rate_M_Q,1975-04-01
47,78.1,LFP_rate_M_Q,1975-01-01
48,78.5,LFP_rate_M_Q,1974-10-01
49,78.5,LFP_rate_M_Q,1974-07-01
50,78.7,LFP_rate_M_Q,1974-04-01
51,79.3,LFP_rate_M_Q,1974-01-01
52,79.0,LFP_rate_M_Q,1973-10-01
53,78.7,LFP_rate_M_Q,1973-07-01
54,78.8,LFP_rate_M_Q,1973-04-01
55,78.8,LFP_rate_M_Q,1973-01-01
56,78.8,LFP_rate_M_Q,1972-10-01
57,79.0,LFP_rate_M_Q,1972-07-01
58,78.9,LFP_rate_M_Q,1972-04-01
59,78.9,LFP_rate_M_Q,1972-01-01
60,79.0,LFP_rate_M_Q,1971-10-01
61,79.2,LFP_rate_M_Q,1971-07-01
62,79.1,LFP_rate_M_Q,1971-04-01
63,79.1,LFP_rate_M_Q,1971-01-01
64,79.5,LFP_rate_M_Q,1970-10-01
65,79.5,LFP_rate_M_Q,1970-07-01
66,79.8,LFP_rate_M_Q,1970-04-01
67,80.0,LFP_rate_M_Q,1970-01-01
68,79.8,LFP_rate_M_Q,1969-10-01
69,79.9,LFP_rate_M_Q,1969-07-01
70,79.7,LFP_rate_M_Q,1969-04-01
71,79.9,LFP_rate_M_Q,1969-01-01
72,79.9,LFP_rate_M_Q,1968-10-01
73,80.1,LFP_rate_M_Q,1968-07-01
74,80.2,LFP_rate_M_Q,1968-04-01
75,80.0,LFP_rate_M_Q,1968-01-01
76,80.4,LFP_rate_M_Q,1967-10-01
77,80.5,LFP_rate_M_Q,1967-07-01
78,80.4,LFP_rate_M_Q,1967-04-01
79,80.4,LFP_rate_M_Q,1967-01-01
0,73.2,LFP_rate_M_Q,2005-10-01
1,73.4,LFP_rate_M_Q,2005-07-01
2,73.4,LFP_rate_M_Q,2005-04-01
3,73.2,LFP_rate_M_Q,2005-01-01
4,73.3,LFP_rate_M_Q,2004-10-01
5,73.4,LFP_rate_M_Q,2004-07-01
6,73.2,LFP_rate_M_Q,2004-04-01
7,73.4,LFP_rate_M_Q,2004-01-01
8,73.5,LFP_rate_M_Q,2003-10-01
9,73.4,LFP_rate_M_Q,2003-07-01
10,73.6,LFP_rate_M_Q,2003-04-01
11,73.5,LFP_rate_M_Q,2003-01-01
12,73.8,LFP_rate_M_Q,2002-10-01
13,74.2,LFP_rate_M_Q,2002-07-01
14,74.3,LFP_rate_M_Q,2002-04-01
15,74.1,LFP_rate_M_Q,2002-01-01
16,74.3,LFP_rate_M_Q,2001-10-01
17,74.3,LFP_rate_M_Q,2001-07-01
18,74.4,LFP_rate_M_Q,2001-04-01
19,74.8,LFP_rate_M_Q,2001-01-01
20,74.6,LFP_rate_M_Q,2000-10-01
21,74.6,LFP_rate_M_Q,2000-07-01
22,74.8,LFP_rate_M_Q,2000-04-01
23,75.2,LFP_rate_M_Q,2000-01-01
24,74.7,LFP_rate_M_Q,1999-10-01
25,74.7,LFP_rate_M_Q,1999-07-01
26,74.7,LFP_rate_M_Q,1999-04-01
27,74.9,LFP_rate_M_Q,1999-01-01
28,74.9,LFP_rate_M_Q,1998-10-01
29,74.9,LFP_rate_M_Q,1998-07-01
30,74.9,LFP_rate_M_Q,1998-04-01
31,74.9,LFP_rate_M_Q,1998-01-01
32,75.0,LFP_rate_M_Q,1997-10-01
33,75.0,LFP_rate_M_Q,1997-07-01
34,75.0,LFP_rate_M_Q,1997-04-01
35,74.9,LFP_rate_M_Q,1997-01-01
36,74.9,LFP_rate_M_Q,1996-10-01
37,75.0,LFP_rate_M_Q,1996-07-01
38,75.0,LFP_rate_M_Q,1996-04-01
39,74.8,LFP_rate_M_Q,1996-01-01
40,74.6,LFP_rate_M_Q,1995-10-01
41,74.9,LFP_rate_M_Q,1995-07-01
42,75.0,LFP_rate_M_Q,1995-04-01
43,75.4,LFP_rate_M_Q,1995-01-01
44,75.3,LFP_rate_M_Q,1994-10-01
45,74.9,LFP_rate_M_Q,1994-07-01
46,74.8,LFP_rate_M_Q,1994-04-01
47,75.1,LFP_rate_M_Q,1994-01-01
48,75.1,LFP_rate_M_Q,1993-10-01
49,75.5,LFP_rate_M_Q,1993-07-01
50,75.4,LFP_rate_M_Q,1993-04-01
51,75.5,LFP_rate_M_Q,1993-01-01
52,75.6,LFP_rate_M_Q,1992-10-01
53,76.0,LFP_rate_M_Q,1992-07-01
54,76.0,LFP_rate_M_Q,1992-04-01
55,75.7,LFP_rate_M_Q,1992-01-01
56,75.5,LFP_rate_M_Q,1991-10-01
57,75.7,LFP_rate_M_Q,1991-07-01
58,75.9,LFP_rate_M_Q,1991-04-01
59,76.0,LFP_rate_M_Q,1991-01-01
60,76.3,LFP_rate_M_Q,1990-10-01
61,76.2,LFP_rate_M_Q,1990-07-01
62,76.4,LFP_rate_M_Q,1990-04-01
63,76.6,LFP_rate_M_Q,1990-01-01
64,76.4,LFP_rate_M_Q,1989-10-01
65,76.4,LFP_rate_M_Q,1989-07-01
66,76.5,LFP_rate_M_Q,1989-04-01
67,76.3,LFP_rate_M_Q,1989-01-01
68,76.1,LFP_rate_M_Q,1988-10-01
69,76.3,LFP_rate_M_Q,1988-07-01
70,76.2,LFP_rate_M_Q,1988-04-01
71,76.1,LFP_rate_M_Q,1988-01-01
72,76.1,LFP_rate_M_Q,1987-10-01
73,76.1,LFP_rate_M_Q,1987-07-01
74,76.2,LFP_rate_M_Q,1987-04-01
75,76.3,LFP_rate_M_Q,1987-01-01
76,76.3,LFP_rate_M_Q,1986-10-01
77,76.3,LFP_rate_M_Q,1986-07-01
78,76.3,LFP_rate_M_Q,1986-04-01
79,76.2,LFP_rate_M_Q,1986-01-01
0,67.7,LFP_rate_M_Q,2021-07-01
1,67.5,LFP_rate_M_Q,2021-04-01
2,67.4,LFP_rate_M_Q,2021-01-01
3,67.5,LFP_rate_M_Q,2020-10-01
4,67.4,LFP_rate_M_Q,2020-07-01
5,66.7,LFP_rate_M_Q,2020-04-01
6,69.0,LFP_rate_M_Q,2020-01-01
7,69.2,LFP_rate_M_Q,2019-10-01
8,69.2,LFP_rate_M_Q,2019-07-01
9,69.1,LFP_rate_M_Q,2019-04-01
10,69.2,LFP_rate_M_Q,2019-01-01
11,68.9,LFP_rate_M_Q,2018-10-01
12,68.8,LFP_rate_M_Q,2018-07-01
13,69.2,LFP_rate_M_Q,2018-04-01
14,69.2,LFP_rate_M_Q,2018-01-01
15,68.9,LFP_rate_M_Q,2017-10-01
16,69.1,LFP_rate_M_Q,2017-07-01
17,69.1,LFP_rate_M_Q,2017-04-01
18,69.1,LFP_rate_M_Q,2017-01-01
19,69.1,LFP_rate_M_Q,2016-10-01
20,69.3,LFP_rate_M_Q,2016-07-01
21,69.2,LFP_rate_M_Q,2016-04-01
22,69.2,LFP_rate_M_Q,2016-01-01
23,68.9,LFP_rate_M_Q,2015-10-01
24,68.9,LFP_rate_M_Q,2015-07-01
25,69.2,LFP_rate_M_Q,2015-04-01
26,69.2,LFP_rate_M_Q,2015-01-01
27,69.2,LFP_rate_M_Q,2014-10-01
28,69.3,LFP_rate_M_Q,2014-07-01
29,69.1,LFP_rate_M_Q,2014-04-01
30,69.2,LFP_rate_M_Q,2014-01-01
31,69.3,LFP_rate_M_Q,2013-10-01
32,69.7,LFP_rate_M_Q,2013-07-01
33,69.9,LFP_rate_M_Q,2013-04-01
34,70.0,LFP_rate_M_Q,2013-01-01
35,70.1,LFP_rate_M_Q,2012-10-01
36,70.1,LFP_rate_M_Q,2012-07-01
37,70.2,LFP_rate_M_Q,2012-04-01
38,70.2,LFP_rate_M_Q,2012-01-01
39,70.5,LFP_rate_M_Q,2011-10-01
40,70.4,LFP_rate_M_Q,2011-07-01
41,70.5,LFP_rate_M_Q,2011-04-01
42,70.5,LFP_rate_M_Q,2011-01-01
43,70.8,LFP_rate_M_Q,2010-10-01
44,71.2,LFP_rate_M_Q,2010-07-01
45,71.4,LFP_rate_M_Q,2010-04-01
46,71.3,LFP_rate_M_Q,2010-01-01
47,71.4,LFP_rate_M_Q,2009-10-01
48,71.9,LFP_rate_M_Q,2009-07-01
49,72.3,LFP_rate_M_Q,2009-04-01
50,72.3,LFP_rate_M_Q,2009-01-01
51,72.7,LFP_rate_M_Q,2008-10-01
52,73.0,LFP_rate_M_Q,2008-07-01
53,73.0,LFP_rate_M_Q,2008-04-01
54,73.2,LFP_rate_M_Q,2008-01-01
55,73.0,LFP_rate_M_Q,2007-10-01
56,72.9,LFP_rate_M_Q,2007-07-01
57,73.3,LFP_rate_M_Q,2007-04-01
58,73.6,LFP_rate_M_Q,2007-01-01
59,73.5,LFP_rate_M_Q,2006-10-01
60,73.3,LFP_rate_M_Q,2006-07-01
61,73.5,LFP_rate_M_Q,2006-04-01
62,73.5,LFP_rate_M_Q,2006-01-01
63,73.2,LFP_rate_M_Q,2005-10-01
64,73.4,LFP_rate_M_Q,2005-07-01
65,73.4,LFP_rate_M_Q,2005-04-01
66,73.2,LFP_rate_M_Q,2005-01-01
0,5.3,unemp_rate_F_Q,1967-10-01
1,5.1,unemp_rate_F_Q,1967-07-01
2,5.0,unemp_rate_F_Q,1967-04-01
3,5.2,unemp_rate_F_Q,1967-01-01
4,4.8,unemp_rate_F_Q,1966-10-01
5,4.8,unemp_rate_F_Q,1966-07-01
6,5.0,unemp_rate_F_Q,1966-04-01
7,4.8,unemp_rate_F_Q,1966-01-01
8,5.2,unemp_rate_F_Q,1965-10-01
9,5.3,unemp_rate_F_Q,1965-07-01
10,5.7,unemp_rate_F_Q,1965-04-01
11,6.1,unemp_rate_F_Q,1965-01-01
12,6.1,unemp_rate_F_Q,1964-10-01
13,6.0,unemp_rate_F_Q,1964-07-01
14,6.3,unemp_rate_F_Q,1964-04-01
15,6.6,unemp_rate_F_Q,1964-01-01
16,6.5,unemp_rate_F_Q,1963-10-01
17,6.5,unemp_rate_F_Q,1963-07-01
18,6.4,unemp_rate_F_Q,1963-04-01
19,6.4,unemp_rate_F_Q,1963-01-01
20,6.2,unemp_rate_F_Q,1962-10-01
21,6.3,unemp_rate_F_Q,1962-07-01
22,6.0,unemp_rate_F_Q,1962-04-01
23,6.4,unemp_rate_F_Q,1962-01-01
24,6.8,unemp_rate_F_Q,1961-10-01
25,7.3,unemp_rate_F_Q,1961-07-01
26,7.5,unemp_rate_F_Q,1961-04-01
27,7.2,unemp_rate_F_Q,1961-01-01
28,6.6,unemp_rate_F_Q,1960-10-01
29,5.8,unemp_rate_F_Q,1960-07-01
30,5.6,unemp_rate_F_Q,1960-04-01
31,5.6,unemp_rate_F_Q,1960-01-01
32,5.9,unemp_rate_F_Q,1959-10-01
33,5.6,unemp_rate_F_Q,1959-07-01
34,5.8,unemp_rate_F_Q,1959-04-01
35,6.1,unemp_rate_F_Q,1959-01-01
36,6.3,unemp_rate_F_Q,1958-10-01
37,7.2,unemp_rate_F_Q,1958-07-01
38,7.3,unemp_rate_F_Q,1958-04-01
39,6.4,unemp_rate_F_Q,1958-01-01
40,4.9,unemp_rate_F_Q,1957-10-01
41,4.7,unemp_rate_F_Q,1957-07-01
42,4.6,unemp_rate_F_Q,1957-04-01
43,4.5,unemp_rate_F_Q,1957-01-01
44,4.7,unemp_rate_F_Q,1956-10-01
45,5.0,unemp_rate_F_Q,1956-07-01
46,5.0,unemp_rate_F_Q,1956-04-01
47,4.6,unemp_rate_F_Q,1956-01-01
48,4.9,unemp_rate_F_Q,1955-10-01
49,4.8,unemp_rate_F_Q,1955-07-01
50,4.7,unemp_rate_F_Q,1955-04-01
51,5.0,unemp_rate_F_Q,1955-01-01
52,5.5,unemp_rate_F_Q,1954-10-01
53,6.3,unemp_rate_F_Q,1954-07-01
54,6.3,unemp_rate_F_Q,1954-04-01
55,6.1,unemp_rate_F_Q,1954-01-01
56,4.1,unemp_rate_F_Q,1953-10-01
57,3.1,unemp_rate_F_Q,1953-07-01
58,2.8,unemp_rate_F_Q,1953-04-01
59,3.1,unemp_rate_F_Q,1953-01-01
60,3.4,unemp_rate_F_Q,1952-10-01
61,3.6,unemp_rate_F_Q,1952-07-01
62,3.7,unemp_rate_F_Q,1952-04-01
63,3.7,unemp_rate_F_Q,1952-01-01
64,4.4,unemp_rate_F_Q,1951-10-01
65,4.2,unemp_rate_F_Q,1951-07-01
66,4.3,unemp_rate_F_Q,1951-04-01
67,4.7,unemp_rate_F_Q,1951-01-01
68,5.1,unemp_rate_F_Q,1950-10-01
69,5.2,unemp_rate_F_Q,1950-07-01
70,5.8,unemp_rate_F_Q,1950-04-01
71,6.8,unemp_rate_F_Q,1950-01-01
72,6.6,unemp_rate_F_Q,1949-10-01
73,6.8,unemp_rate_F_Q,1949-07-01
74,5.9,unemp_rate_F_Q,1949-04-01
75,4.6,unemp_rate_F_Q,1949-01-01
76,4.0,unemp_rate_F_Q,1948-10-01
77,4.2,unemp_rate_F_Q,1948-07-01
78,4.1,unemp_rate_F_Q,1948-04-01
79,4.1,unemp_rate_F_Q,1948-01-01
0,6.8,unemp_rate_F_Q,1986-10-01
1,6.9,unemp_rate_F_Q,1986-07-01
2,7.3,unemp_rate_F_Q,1986-04-01
3,7.3,unemp_rate_F_Q,1986-01-01
4,7.2,unemp_rate_F_Q,1985-10-01
5,7.4,unemp_rate_F_Q,1985-07-01
6,7.5,unemp_rate_F_Q,1985-04-01
7,7.5,unemp_rate_F_Q,1985-01-01
8,7.5,unemp_rate_F_Q,1984-10-01
9,7.6,unemp_rate_F_Q,1984-07-01
10,7.6,unemp_rate_F_Q,1984-04-01
11,7.9,unemp_rate_F_Q,1984-01-01
12,8.3,unemp_rate_F_Q,1983-10-01
13,8.9,unemp_rate_F_Q,1983-07-01
14,9.6,unemp_rate_F_Q,1983-04-01
15,9.9,unemp_rate_F_Q,1983-01-01
16,10.2,unemp_rate_F_Q,1982-10-01
17,9.5,unemp_rate_F_Q,1982-07-01
18,9.3,unemp_rate_F_Q,1982-04-01
19,8.8,unemp_rate_F_Q,1982-01-01
20,8.4,unemp_rate_F_Q,1981-10-01
21,7.8,unemp_rate_F_Q,1981-07-01
22,7.7,unemp_rate_F_Q,1981-04-01
23,7.7,unemp_rate_F_Q,1981-01-01
24,7.6,unemp_rate_F_Q,1980-10-01
25,7.6,unemp_rate_F_Q,1980-07-01
26,7.4,unemp_rate_F_Q,1980-04-01
27,6.9,unemp_rate_F_Q,1980-01-01
28,6.8,unemp_rate_F_Q,1979-10-01
29,6.8,unemp_rate_F_Q,1979-07-01
30,6.8,unemp_rate_F_Q,1979-04-01
31,6.9,unemp_rate_F_Q,1979-01-01
32,6.9,unemp_rate_F_Q,1978-10-01
33,7.3,unemp_rate_F_Q,1978-07-01
34,7.2,unemp_rate_F_Q,1978-04-01
35,7.3,unemp_rate_F_Q,1978-01-01
36,7.9,unemp_rate_F_Q,1977-10-01
37,8.1,unemp_rate_F_Q,1977-07-01
38,8.2,unemp_rate_F_Q,1977-04-01
39,8.6,unemp_rate_F_Q,1977-01-01
40,8.6,unemp_rate_F_Q,1976-10-01
41,8.8,unemp_rate_F_Q,1976-07-01
42,8.4,unemp_rate_F_Q,1976-04-01
43,8.7,unemp_rate_F_Q,1976-01-01
44,9.1,unemp_rate_F_Q,1975-10-01
45,9.2,unemp_rate_F_Q,1975-07-01
46,9.6,unemp_rate_F_Q,1975-04-01
47,9.3,unemp_rate_F_Q,1975-01-01
48,7.8,unemp_rate_F_Q,1974-10-01
49,6.8,unemp_rate_F_Q,1974-07-01
50,6.2,unemp_rate_F_Q,1974-04-01
51,6.2,unemp_rate_F_Q,1974-01-01
52,5.9,unemp_rate_F_Q,1973-10-01
53,6.0,unemp_rate_F_Q,1973-07-01
54,6.0,unemp_rate_F_Q,1973-04-01
55,6.1,unemp_rate_F_Q,1973-01-01
56,6.4,unemp_rate_F_Q,1972-10-01
57,6.9,unemp_rate_F_Q,1972-07-01
58,6.7,unemp_rate_F_Q,1972-04-01
59,6.6,unemp_rate_F_Q,1972-01-01
60,6.9,unemp_rate_F_Q,1971-10-01
61,7.0,unemp_rate_F_Q,1971-07-01
62,6.9,unemp_rate_F_Q,1971-04-01
63,6.9,unemp_rate_F_Q,1971-01-01
64,6.7,unemp_rate_F_Q,1970-10-01
65,6.0,unemp_rate_F_Q,1970-07-01
66,5.6,unemp_rate_F_Q,1970-04-01
67,5.2,unemp_rate_F_Q,1970-01-01
68,4.7,unemp_rate_F_Q,1969-10-01
69,4.7,unemp_rate_F_Q,1969-07-01
70,4.7,unemp_rate_F_Q,1969-04-01
71,4.6,unemp_rate_F_Q,1969-01-01
72,4.6,unemp_rate_F_Q,1968-10-01
73,4.7,unemp_rate_F_Q,1968-07-01
74,4.8,unemp_rate_F_Q,1968-04-01
75,5.0,unemp_rate_F_Q,1968-01-01
76,5.3,unemp_rate_F_Q,1967-10-01
77,5.1,unemp_rate_F_Q,1967-07-01
78,5.0,unemp_rate_F_Q,1967-04-01
79,5.2,unemp_rate_F_Q,1967-01-01
0,5.0,unemp_rate_F_Q,2005-10-01
1,5.0,unemp_rate_F_Q,2005-07-01
2,5.2,unemp_rate_F_Q,2005-04-01
3,5.2,unemp_rate_F_Q,2005-01-01
4,5.2,unemp_rate_F_Q,2004-10-01
5,5.3,unemp_rate_F_Q,2004-07-01
6,5.5,unemp_rate_F_Q,2004-04-01
7,5.6,unemp_rate_F_Q,2004-01-01
8,5.5,unemp_rate_F_Q,2003-10-01
9,5.7,unemp_rate_F_Q,2003-07-01
10,5.8,unemp_rate_F_Q,2003-04-01
11,5.6,unemp_rate_F_Q,2003-01-01
12,5.6,unemp_rate_F_Q,2002-10-01
13,5.5,unemp_rate_F_Q,2002-07-01
14,5.8,unemp_rate_F_Q,2002-04-01
15,5.6,unemp_rate_F_Q,2002-01-01
16,5.4,unemp_rate_F_Q,2001-10-01
17,4.8,unemp_rate_F_Q,2001-07-01
18,4.3,unemp_rate_F_Q,2001-04-01
19,4.2,unemp_rate_F_Q,2001-01-01
20,3.9,unemp_rate_F_Q,2000-10-01
21,4.2,unemp_rate_F_Q,2000-07-01
22,4.1,unemp_rate_F_Q,2000-04-01
23,4.2,unemp_rate_F_Q,2000-01-01
24,4.1,unemp_rate_F_Q,1999-10-01
25,4.4,unemp_rate_F_Q,1999-07-01
26,4.4,unemp_rate_F_Q,1999-04-01
27,4.4,unemp_rate_F_Q,1999-01-01
28,4.6,unemp_rate_F_Q,1998-10-01
29,4.6,unemp_rate_F_Q,1998-07-01
30,4.6,unemp_rate_F_Q,1998-04-01
31,4.8,unemp_rate_F_Q,1998-01-01
32,4.7,unemp_rate_F_Q,1997-10-01
33,5.0,unemp_rate_F_Q,1997-07-01
34,5.1,unemp_rate_F_Q,1997-04-01
35,5.3,unemp_rate_F_Q,1997-01-01
36,5.5,unemp_rate_F_Q,1996-10-01
37,5.3,unemp_rate_F_Q,1996-07-01
38,5.4,unemp_rate_F_Q,1996-04-01
39,5.5,unemp_rate_F_Q,1996-01-01
40,5.6,unemp_rate_F_Q,1995-10-01
41,5.7,unemp_rate_F_Q,1995-07-01
42,5.7,unemp_rate_F_Q,1995-04-01
43,5.5,unemp_rate_F_Q,1995-01-01
44,5.6,unemp_rate_F_Q,1994-10-01
45,5.9,unemp_rate_F_Q,1994-07-01
46,6.1,unemp_rate_F_Q,1994-04-01
47,6.4,unemp_rate_F_Q,1994-01-01
48,6.5,unemp_rate_F_Q,1993-10-01
49,6.4,unemp_rate_F_Q,1993-07-01
50,6.7,unemp_rate_F_Q,1993-04-01
51,6.8,unemp_rate_F_Q,1993-01-01
52,7.0,unemp_rate_F_Q,1992-10-01
53,7.2,unemp_rate_F_Q,1992-07-01
54,7.1,unemp_rate_F_Q,1992-04-01
55,6.8,unemp_rate_F_Q,1992-01-01
56,6.7,unemp_rate_F_Q,1991-10-01
57,6.4,unemp_rate_F_Q,1991-07-01
58,6.4,unemp_rate_F_Q,1991-04-01
59,6.2,unemp_rate_F_Q,1991-01-01
60,5.8,unemp_rate_F_Q,1990-10-01
61,5.6,unemp_rate_F_Q,1990-07-01
62,5.3,unemp_rate_F_Q,1990-04-01
63,5.3,unemp_rate_F_Q,1990-01-01
64,5.4,unemp_rate_F_Q,1989-10-01
65,5.4,unemp_rate_F_Q,1989-07-01
66,5.4,unemp_rate_F_Q,1989-04-01
67,5.2,unemp_rate_F_Q,1989-01-01
68,5.3,unemp_rate_F_Q,1988-10-01
69,5.5,unemp_rate_F_Q,1988-07-01
70,5.6,unemp_rate_F_Q,1988-04-01
71,5.8,unemp_rate_F_Q,1988-01-01
72,6.0,unemp_rate_F_Q,1987-10-01
73,6.0,unemp_rate_F_Q,1987-07-01
74,6.2,unemp_rate_F_Q,1987-04-01
75,6.6,unemp_rate_F_Q,1987-01-01
76,6.8,unemp_rate_F_Q,1986-10-01
77,6.9,unemp_rate_F_Q,1986-07-01
78,7.3,unemp_rate_F_Q,1986-04-01
79,7.3,unemp_rate_F_Q,1986-01-01
0,4.9,unemp_rate_F_Q,2021-07-01
1,5.7,unemp_rate_F_Q,2021-04-01
2,6.1,unemp_rate_F_Q,2021-01-01
3,6.6,unemp_rate_F_Q,2020-10-01
4,9.1,unemp_rate_F_Q,2020-07-01
5,14.1,unemp_rate_F_Q,2020-04-01
6,3.8,unemp_rate_F_Q,2020-01-01
7,3.6,unemp_rate_F_Q,2019-10-01
8,3.5,unemp_rate_F_Q,2019-07-01
9,3.6,unemp_rate_F_Q,2019-04-01
10,3.8,unemp_rate_F_Q,2019-01-01
11,3.8,unemp_rate_F_Q,2018-10-01
12,3.7,unemp_rate_F_Q,2018-07-01
13,3.8,unemp_rate_F_Q,2018-04-01
14,4.0,unemp_rate_F_Q,2018-01-01
15,4.1,unemp_rate_F_Q,2017-10-01
16,4.2,unemp_rate_F_Q,2017-07-01
17,4.4,unemp_rate_F_Q,2017-04-01
18,4.5,unemp_rate_F_Q,2017-01-01
19,4.6,unemp_rate_F_Q,2016-10-01
20,4.7,unemp_rate_F_Q,2016-07-01
21,4.9,unemp_rate_F_Q,2016-04-01
22,4.9,unemp_rate_F_Q,2016-01-01
23,5.0,unemp_rate_F_Q,2015-10-01
24,5.1,unemp_rate_F_Q,2015-07-01
25,5.3,unemp_rate_F_Q,2015-04-01
26,5.4,unemp_rate_F_Q,2015-01-01
27,5.7,unemp_rate_F_Q,2014-10-01
28,6.0,unemp_rate_F_Q,2014-07-01
29,6.0,unemp_rate_F_Q,2014-04-01
30,6.4,unemp_rate_F_Q,2014-01-01
31,6.7,unemp_rate_F_Q,2013-10-01
32,6.8,unemp_rate_F_Q,2013-07-01
33,7.2,unemp_rate_F_Q,2013-04-01
34,7.6,unemp_rate_F_Q,2013-01-01
35,7.7,unemp_rate_F_Q,2012-10-01
36,7.8,unemp_rate_F_Q,2012-07-01
37,8.0,unemp_rate_F_Q,2012-04-01
38,8.1,unemp_rate_F_Q,2012-01-01
39,8.3,unemp_rate_F_Q,2011-10-01
40,8.6,unemp_rate_F_Q,2011-07-01
41,8.5,unemp_rate_F_Q,2011-04-01
42,8.4,unemp_rate_F_Q,2011-01-01
43,8.8,unemp_rate_F_Q,2010-10-01
44,8.6,unemp_rate_F_Q,2010-07-01
45,8.6,unemp_rate_F_Q,2010-04-01
46,8.6,unemp_rate_F_Q,2010-01-01
47,8.6,unemp_rate_F_Q,2009-10-01
48,8.3,unemp_rate_F_Q,2009-07-01
49,8.0,unemp_rate_F_Q,2009-04-01
50,7.3,unemp_rate_F_Q,2009-01-01
51,6.2,unemp_rate_F_Q,2008-10-01
52,5.6,unemp_rate_F_Q,2008-07-01
53,5.1,unemp_rate_F_Q,2008-04-01
54,4.8,unemp_rate_F_Q,2008-01-01
55,4.7,unemp_rate_F_Q,2007-10-01
56,4.6,unemp_rate_F_Q,2007-07-01
57,4.4,unemp_rate_F_Q,2007-04-01
58,4.4,unemp_rate_F_Q,2007-01-01
59,4.4,unemp_rate_F_Q,2006-10-01
60,4.7,unemp_rate_F_Q,2006-07-01
61,4.6,unemp_rate_F_Q,2006-04-01
62,4.8,unemp_rate_F_Q,2006-01-01
63,5.0,unemp_rate_F_Q,2005-10-01
64,5.0,unemp_rate_F_Q,2005-07-01
65,5.2,unemp_rate_F_Q,2005-04-01
66,5.2,unemp_rate_F_Q,2005-01-01
0,41.7,LFP_rate_F_Q,1967-10-01
1,41.2,LFP_rate_F_Q,1967-07-01
2,40.9,LFP_rate_F_Q,1967-04-01
3,40.6,LFP_rate_F_Q,1967-01-01
4,40.9,LFP_rate_F_Q,1966-10-01
5,40.4,LFP_rate_F_Q,1966-07-01
6,40.0,LFP_rate_F_Q,1966-04-01
7,39.7,LFP_rate_F_Q,1966-01-01
8,39.6,LFP_rate_F_Q,1965-10-01
9,39.4,LFP_rate_F_Q,1965-07-01
10,39.1,LFP_rate_F_Q,1965-04-01
11,38.8,LFP_rate_F_Q,1965-01-01
12,38.6,LFP_rate_F_Q,1964-10-01
13,38.5,LFP_rate_F_Q,1964-07-01
14,39.0,LFP_rate_F_Q,1964-04-01
15,38.6,LFP_rate_F_Q,1964-01-01
16,38.5,LFP_rate_F_Q,1963-10-01
17,38.2,LFP_rate_F_Q,1963-07-01
18,38.3,LFP_rate_F_Q,1963-04-01
19,38.1,LFP_rate_F_Q,1963-01-01
20,37.9,LFP_rate_F_Q,1962-10-01
21,38.1,LFP_rate_F_Q,1962-07-01
22,37.8,LFP_rate_F_Q,1962-04-01
23,37.9,LFP_rate_F_Q,1962-01-01
24,37.8,LFP_rate_F_Q,1961-10-01
25,37.9,LFP_rate_F_Q,1961-07-01
26,38.2,LFP_rate_F_Q,1961-04-01
27,38.4,LFP_rate_F_Q,1961-01-01
28,38.0,LFP_rate_F_Q,1960-10-01
29,38.1,LFP_rate_F_Q,1960-07-01
30,38.0,LFP_rate_F_Q,1960-04-01
31,36.9,LFP_rate_F_Q,1960-01-01
32,37.3,LFP_rate_F_Q,1959-10-01
33,37.1,LFP_rate_F_Q,1959-07-01
34,37.2,LFP_rate_F_Q,1959-04-01
35,37.0,LFP_rate_F_Q,1959-01-01
36,36.9,LFP_rate_F_Q,1958-10-01
37,37.1,LFP_rate_F_Q,1958-07-01
38,37.3,LFP_rate_F_Q,1958-04-01
39,37.0,LFP_rate_F_Q,1958-01-01
40,37.0,LFP_rate_F_Q,1957-10-01
41,36.9,LFP_rate_F_Q,1957-07-01
42,36.7,LFP_rate_F_Q,1957-04-01
43,36.9,LFP_rate_F_Q,1957-01-01
44,36.9,LFP_rate_F_Q,1956-10-01
45,37.1,LFP_rate_F_Q,1956-07-01
46,36.9,LFP_rate_F_Q,1956-04-01
47,36.4,LFP_rate_F_Q,1956-01-01
48,36.6,LFP_rate_F_Q,1955-10-01
49,36.2,LFP_rate_F_Q,1955-07-01
50,35.2,LFP_rate_F_Q,1955-04-01
51,34.6,LFP_rate_F_Q,1955-01-01
52,34.5,LFP_rate_F_Q,1954-10-01
53,34.4,LFP_rate_F_Q,1954-07-01
54,34.6,LFP_rate_F_Q,1954-04-01
55,34.7,LFP_rate_F_Q,1954-01-01
56,33.9,LFP_rate_F_Q,1953-10-01
57,34.4,LFP_rate_F_Q,1953-07-01
58,34.4,LFP_rate_F_Q,1953-04-01
59,35.1,LFP_rate_F_Q,1953-01-01
60,34.9,LFP_rate_F_Q,1952-10-01
61,34.7,LFP_rate_F_Q,1952-07-01
62,34.5,LFP_rate_F_Q,1952-04-01
63,34.7,LFP_rate_F_Q,1952-01-01
64,34.8,LFP_rate_F_Q,1951-10-01
65,34.8,LFP_rate_F_Q,1951-07-01
66,34.4,LFP_rate_F_Q,1951-04-01
67,34.5,LFP_rate_F_Q,1951-01-01
68,34.2,LFP_rate_F_Q,1950-10-01
69,33.8,LFP_rate_F_Q,1950-07-01
70,33.9,LFP_rate_F_Q,1950-04-01
71,33.4,LFP_rate_F_Q,1950-01-01
72,33.6,LFP_rate_F_Q,1949-10-01
73,33.4,LFP_rate_F_Q,1949-07-01
74,32.9,LFP_rate_F_Q,1949-04-01
75,32.9,LFP_rate_F_Q,1949-01-01
76,32.7,LFP_rate_F_Q,1948-10-01
77,33.1,LFP_rate_F_Q,1948-07-01
78,32.8,LFP_rate_F_Q,1948-04-01
79,32.2,LFP_rate_F_Q,1948-01-01
0,55.5,LFP_rate_F_Q,1986-10-01
1,55.5,LFP_rate_F_Q,1986-07-01
2,55.3,LFP_rate_F_Q,1986-04-01
3,54.9,LFP_rate_F_Q,1986-01-01
4,54.7,LFP_rate_F_Q,1985-10-01
5,54.4,LFP_rate_F_Q,1985-07-01
6,54.3,LFP_rate_F_Q,1985-04-01
7,54.4,LFP_rate_F_Q,1985-01-01
8,53.8,LFP_rate_F_Q,1984-10-01
9,53.7,LFP_rate_F_Q,1984-07-01
10,53.7,LFP_rate_F_Q,1984-04-01
11,53.1,LFP_rate_F_Q,1984-01-01
12,53.1,LFP_rate_F_Q,1983-10-01
13,53.1,LFP_rate_F_Q,1983-07-01
14,52.7,LFP_rate_F_Q,1983-04-01
15,52.7,LFP_rate_F_Q,1983-01-01
16,52.8,LFP_rate_F_Q,1982-10-01
17,52.8,LFP_rate_F_Q,1982-07-01
18,52.6,LFP_rate_F_Q,1982-04-01
19,52.3,LFP_rate_F_Q,1982-01-01
20,52.2,LFP_rate_F_Q,1981-10-01
21,51.9,LFP_rate_F_Q,1981-07-01
22,52.3,LFP_rate_F_Q,1981-04-01
23,52.0,LFP_rate_F_Q,1981-01-01
24,51.6,LFP_rate_F_Q,1980-10-01
25,51.5,LFP_rate_F_Q,1980-07-01
26,51.4,LFP_rate_F_Q,1980-04-01
27,51.5,LFP_rate_F_Q,1980-01-01
28,51.4,LFP_rate_F_Q,1979-10-01
29,51.0,LFP_rate_F_Q,1979-07-01
30,50.6,LFP_rate_F_Q,1979-04-01
31,50.8,LFP_rate_F_Q,1979-01-01
32,50.5,LFP_rate_F_Q,1978-10-01
33,50.2,LFP_rate_F_Q,1978-07-01
34,49.9,LFP_rate_F_Q,1978-04-01
35,49.3,LFP_rate_F_Q,1978-01-01
36,48.9,LFP_rate_F_Q,1977-10-01
37,48.6,LFP_rate_F_Q,1977-07-01
38,48.4,LFP_rate_F_Q,1977-04-01
39,47.9,LFP_rate_F_Q,1977-01-01
40,47.6,LFP_rate_F_Q,1976-10-01
41,47.5,LFP_rate_F_Q,1976-07-01
42,47.2,LFP_rate_F_Q,1976-04-01
43,46.9,LFP_rate_F_Q,1976-01-01
44,46.5,LFP_rate_F_Q,1975-10-01
45,46.4,LFP_rate_F_Q,1975-07-01
46,46.3,LFP_rate_F_Q,1975-04-01
47,46.1,LFP_rate_F_Q,1975-01-01
48,45.9,LFP_rate_F_Q,1974-10-01
49,46.0,LFP_rate_F_Q,1974-07-01
50,45.5,LFP_rate_F_Q,1974-04-01
51,45.3,LFP_rate_F_Q,1974-01-01
52,45.2,LFP_rate_F_Q,1973-10-01
53,44.8,LFP_rate_F_Q,1973-07-01
54,44.7,LFP_rate_F_Q,1973-04-01
55,44.1,LFP_rate_F_Q,1973-01-01
56,43.9,LFP_rate_F_Q,1972-10-01
57,43.9,LFP_rate_F_Q,1972-07-01
58,43.9,LFP_rate_F_Q,1972-04-01
59,43.8,LFP_rate_F_Q,1972-01-01
60,43.7,LFP_rate_F_Q,1971-10-01
61,43.2,LFP_rate_F_Q,1971-07-01
62,43.1,LFP_rate_F_Q,1971-04-01
63,43.4,LFP_rate_F_Q,1971-01-01
64,43.5,LFP_rate_F_Q,1970-10-01
65,43.3,LFP_rate_F_Q,1970-07-01
66,43.3,LFP_rate_F_Q,1970-04-01
67,43.3,LFP_rate_F_Q,1970-01-01
68,43.1,LFP_rate_F_Q,1969-10-01
69,42.9,LFP_rate_F_Q,1969-07-01
70,42.6,LFP_rate_F_Q,1969-04-01
71,42.1,LFP_rate_F_Q,1969-01-01
72,41.7,LFP_rate_F_Q,1968-10-01
73,41.6,LFP_rate_F_Q,1968-07-01
74,41.8,LFP_rate_F_Q,1968-04-01
75,41.3,LFP_rate_F_Q,1968-01-01
76,41.7,LFP_rate_F_Q,1967-10-01
77,41.2,LFP_rate_F_Q,1967-07-01
78,40.9,LFP_rate_F_Q,1967-04-01
79,40.6,LFP_rate_F_Q,1967-01-01
0,59.3,LFP_rate_F_Q,2005-10-01
1,59.3,LFP_rate_F_Q,2005-07-01
2,59.2,LFP_rate_F_Q,2005-04-01
3,59.1,LFP_rate_F_Q,2005-01-01
4,59.1,LFP_rate_F_Q,2004-10-01
5,59.1,LFP_rate_F_Q,2004-07-01
6,59.3,LFP_rate_F_Q,2004-04-01
7,59.2,LFP_rate_F_Q,2004-01-01
8,59.1,LFP_rate_F_Q,2003-10-01
9,59.4,LFP_rate_F_Q,2003-07-01
10,59.8,LFP_rate_F_Q,2003-04-01
11,59.7,LFP_rate_F_Q,2003-01-01
12,59.6,LFP_rate_F_Q,2002-10-01
13,59.6,LFP_rate_F_Q,2002-07-01
14,59.6,LFP_rate_F_Q,2002-04-01
15,59.7,LFP_rate_F_Q,2002-01-01
16,59.7,LFP_rate_F_Q,2001-10-01
17,59.6,LFP_rate_F_Q,2001-07-01
18,59.7,LFP_rate_F_Q,2001-04-01
19,60.1,LFP_rate_F_Q,2001-01-01
20,59.8,LFP_rate_F_Q,2000-10-01
21,59.8,LFP_rate_F_Q,2000-07-01
22,60.1,LFP_rate_F_Q,2000-04-01
23,60.1,LFP_rate_F_Q,2000-01-01
24,60.1,LFP_rate_F_Q,1999-10-01
25,60.0,LFP_rate_F_Q,1999-07-01
26,60.0,LFP_rate_F_Q,1999-04-01
27,60.0,LFP_rate_F_Q,1999-01-01
28,60.0,LFP_rate_F_Q,1998-10-01
29,59.8,LFP_rate_F_Q,1998-07-01
30,59.7,LFP_rate_F_Q,1998-04-01
31,59.9,LFP_rate_F_Q,1998-01-01
32,59.9,LFP_rate_F_Q,1997-10-01
33,59.9,LFP_rate_F_Q,1997-07-01
34,59.8,LFP_rate_F_Q,1997-04-01
35,59.6,LFP_rate_F_Q,1997-01-01
36,59.7,LFP_rate_F_Q,1996-10-01
37,59.4,LFP_rate_F_Q,1996-07-01
38,59.1,LFP_rate_F_Q,1996-04-01
39,58.9,LFP_rate_F_Q,1996-01-01
40,59.1,LFP_rate_F_Q,1995-10-01
41,59.0,LFP_rate_F_Q,1995-07-01
42,58.9,LFP_rate_F_Q,1995-04-01
43,58.8,LFP_rate_F_Q,1995-01-01
44,58.9,LFP_rate_F_Q,1994-10-01
45,58.8,LFP_rate_F_Q,1994-07-01
46,58.8,LFP_rate_F_Q,1994-04-01
47,58.7,LFP_rate_F_Q,1994-01-01
48,58.2,LFP_rate_F_Q,1993-10-01
49,57.9,LFP_rate_F_Q,1993-07-01
50,57.7,LFP_rate_F_Q,1993-04-01
51,57.7,LFP_rate_F_Q,1993-01-01
52,57.8,LFP_rate_F_Q,1992-10-01
53,58.0,LFP_rate_F_Q,1992-07-01
54,57.9,LFP_rate_F_Q,1992-04-01
55,57.7,LFP_rate_F_Q,1992-01-01
56,57.5,LFP_rate_F_Q,1991-10-01
57,57.3,LFP_rate_F_Q,1991-07-01
58,57.5,LFP_rate_F_Q,1991-04-01
59,57.3,LFP_rate_F_Q,1991-01-01
60,57.4,LFP_rate_F_Q,1990-10-01
61,57.5,LFP_rate_F_Q,1990-07-01
62,57.5,LFP_rate_F_Q,1990-04-01
63,57.6,LFP_rate_F_Q,1990-01-01
64,57.6,LFP_rate_F_Q,1989-10-01
65,57.5,LFP_rate_F_Q,1989-07-01
66,57.3,LFP_rate_F_Q,1989-04-01
67,57.3,LFP_rate_F_Q,1989-01-01
68,57.1,LFP_rate_F_Q,1988-10-01
69,56.6,LFP_rate_F_Q,1988-07-01
70,56.3,LFP_rate_F_Q,1988-04-01
71,56.4,LFP_rate_F_Q,1988-01-01
72,56.3,LFP_rate_F_Q,1987-10-01
73,56.1,LFP_rate_F_Q,1987-07-01
74,55.9,LFP_rate_F_Q,1987-04-01
75,55.6,LFP_rate_F_Q,1987-01-01
76,55.5,LFP_rate_F_Q,1986-10-01
77,55.5,LFP_rate_F_Q,1986-07-01
78,55.3,LFP_rate_F_Q,1986-04-01
79,54.9,LFP_rate_F_Q,1986-01-01
0,56.1,LFP_rate_F_Q,2021-07-01
1,56.1,LFP_rate_F_Q,2021-04-01
2,55.9,LFP_rate_F_Q,2021-01-01
3,55.9,LFP_rate_F_Q,2020-10-01
4,56.0,LFP_rate_F_Q,2020-07-01
5,55.3,LFP_rate_F_Q,2020-04-01
6,57.6,LFP_rate_F_Q,2020-01-01
7,57.7,LFP_rate_F_Q,2019-10-01
8,57.5,LFP_rate_F_Q,2019-07-01
9,57.2,LFP_rate_F_Q,2019-04-01
10,57.4,LFP_rate_F_Q,2019-01-01
11,57.3,LFP_rate_F_Q,2018-10-01
12,57.1,LFP_rate_F_Q,2018-07-01
13,57.0,LFP_rate_F_Q,2018-04-01
14,56.9,LFP_rate_F_Q,2018-01-01
15,56.8,LFP_rate_F_Q,2017-10-01
16,57.2,LFP_rate_F_Q,2017-07-01
17,57.1,LFP_rate_F_Q,2017-04-01
18,57.0,LFP_rate_F_Q,2017-01-01
19,56.7,LFP_rate_F_Q,2016-10-01
20,56.8,LFP_rate_F_Q,2016-07-01
21,56.8,LFP_rate_F_Q,2016-04-01
22,56.9,LFP_rate_F_Q,2016-01-01
23,56.7,LFP_rate_F_Q,2015-10-01
24,56.5,LFP_rate_F_Q,2015-07-01
25,56.8,LFP_rate_F_Q,2015-04-01
26,56.7,LFP_rate_F_Q,2015-01-01
27,56.9,LFP_rate_F_Q,2014-10-01
28,56.8,LFP_rate_F_Q,2014-07-01
29,57.0,LFP_rate_F_Q,2014-04-01
30,57.2,LFP_rate_F_Q,2014-01-01
31,56.9,LFP_rate_F_Q,2013-10-01
32,57.3,LFP_rate_F_Q,2013-07-01
33,57.3,LFP_rate_F_Q,2013-04-01
34,57.4,LFP_rate_F_Q,2013-01-01
35,57.7,LFP_rate_F_Q,2012-10-01
36,57.6,LFP_rate_F_Q,2012-07-01
37,57.7,LFP_rate_F_Q,2012-04-01
38,57.8,LFP_rate_F_Q,2012-01-01
39,58.0,LFP_rate_F_Q,2011-10-01
40,58.1,LFP_rate_F_Q,2011-07-01
41,58.1,LFP_rate_F_Q,2011-04-01
42,58.2,LFP_rate_F_Q,2011-01-01
43,58.5,LFP_rate_F_Q,2010-10-01
44,58.5,LFP_rate_F_Q,2010-07-01
45,58.7,LFP_rate_F_Q,2010-04-01
46,58.8,LFP_rate_F_Q,2010-01-01
47,58.8,LFP_rate_F_Q,2009-10-01
48,59.1,LFP_rate_F_Q,2009-07-01
49,59.4,LFP_rate_F_Q,2009-04-01
50,59.5,LFP_rate_F_Q,2009-01-01
51,59.5,LFP_rate_F_Q,2008-10-01
52,59.5,LFP_rate_F_Q,2008-07-01
53,59.5,LFP_rate_F_Q,2008-04-01
54,59.4,LFP_rate_F_Q,2008-01-01
55,59.3,LFP_rate_F_Q,2007-10-01
56,59.3,LFP_rate_F_Q,2007-07-01
57,59.1,LFP_rate_F_Q,2007-04-01
58,59.5,LFP_rate_F_Q,2007-01-01
59,59.5,LFP_rate_F_Q,2006-10-01
60,59.5,LFP_rate_F_Q,2006-07-01
61,59.3,LFP_rate_F_Q,2006-04-01
62,59.2,LFP_rate_F_Q,2006-01-01
63,59.3,LFP_rate_F_Q,2005-10-01
64,59.3,LFP_rate_F_Q,2005-07-01
65,59.2,LFP_rate_F_Q,2005-04-01
66,59.1,LFP_rate_F_Q,2005-01-01
0,11.952,GDP_deflator_Q,1947-01-01
1,12.122,GDP_deflator_Q,1947-04-01
2,12.326,GDP_deflator_Q,1947-07-01
3,12.630,GDP_deflator_Q,1947-10-01
4,12.731,GDP_deflator_Q,1948-01-01
5,12.845,GDP_deflator_Q,1948-04-01
6,13.083,GDP_deflator_Q,1948-07-01
7,13.123,GDP_deflator_Q,1948-10-01
8,13.053,GDP_deflator_Q,1949-01-01
9,12.923,GDP_deflator_Q,1949-04-01
10,12.863,GDP_deflator_Q,1949-07-01
11,12.864,GDP_deflator_Q,1949-10-01
12,12.845,GDP_deflator_Q,1950-01-01
13,12.888,GDP_deflator_Q,1950-04-01
14,13.168,GDP_deflator_Q,1950-07-01
15,13.415,GDP_deflator_Q,1950-10-01
16,13.900,GDP_deflator_Q,1951-01-01
17,13.992,GDP_deflator_Q,1951-04-01
18,14.000,GDP_deflator_Q,1951-07-01
19,14.160,GDP_deflator_Q,1951-10-01
20,14.153,GDP_deflator_Q,1952-01-01
21,14.170,GDP_deflator_Q,1952-04-01
22,14.329,GDP_deflator_Q,1952-07-01
23,14.368,GDP_deflator_Q,1952-10-01
24,14.371,GDP_deflator_Q,1953-01-01
25,14.400,GDP_deflator_Q,1953-04-01
26,14.460,GDP_deflator_Q,1953-07-01
27,14.487,GDP_deflator_Q,1953-10-01
28,14.533,GDP_deflator_Q,1954-01-01
29,14.546,GDP_deflator_Q,1954-04-01
30,14.565,GDP_deflator_Q,1954-07-01
31,14.605,GDP_deflator_Q,1954-10-01
32,14.673,GDP_deflator_Q,1955-01-01
33,14.734,GDP_deflator_Q,1955-04-01
34,14.837,GDP_deflator_Q,1955-07-01
35,14.984,GDP_deflator_Q,1955-10-01
36,15.134,GDP_deflator_Q,1956-01-01
37,15.224,GDP_deflator_Q,1956-04-01
38,15.415,GDP_deflator_Q,1956-07-01
39,15.477,GDP_deflator_Q,1956-10-01
40,15.689,GDP_deflator_Q,1957-01-01
41,15.799,GDP_deflator_Q,1957-04-01
42,15.893,GDP_deflator_Q,1957-07-01
43,15.904,GDP_deflator_Q,1957-10-01
44,16.076,GDP_deflator_Q,1958-01-01
45,16.123,GDP_deflator_Q,1958-04-01
46,16.221,GDP_deflator_Q,1958-07-01
47,16.298,GDP_deflator_Q,1958-10-01
48,16.336,GDP_deflator_Q,1959-01-01
49,16.361,GDP_deflator_Q,1959-04-01
50,16.424,GDP_deflator_Q,1959-07-01
51,16.489,GDP_deflator_Q,1959-10-01
52,16.555,GDP_deflator_Q,1960-01-01
53,16.597,GDP_deflator_Q,1960-04-01
54,16.654,GDP_deflator_Q,1960-07-01
55,16.703,GDP_deflator_Q,1960-10-01
56,16.739,GDP_deflator_Q,1961-01-01
57,16.778,GDP_deflator_Q,1961-04-01
58,16.821,GDP_deflator_Q,1961-07-01
59,16.874,GDP_deflator_Q,1961-10-01
60,16.961,GDP_deflator_Q,1962-01-01
61,16.989,GDP_deflator_Q,1962-04-01
62,17.024,GDP_deflator_Q,1962-07-01
63,17.059,GDP_deflator_Q,1962-10-01
64,17.134,GDP_deflator_Q,1963-01-01
65,17.164,GDP_deflator_Q,1963-04-01
66,17.187,GDP_deflator_Q,1963-07-01
67,17.326,GDP_deflator_Q,1963-10-01
68,17.381,GDP_deflator_Q,1964-01-01
69,17.421,GDP_deflator_Q,1964-04-01
70,17.490,GDP_deflator_Q,1964-07-01
71,17.570,GDP_deflator_Q,1964-10-01
72,17.658,GDP_deflator_Q,1965-01-01
73,17.739,GDP_deflator_Q,1965-04-01
74,17.808,GDP_deflator_Q,1965-07-01
75,17.930,GDP_deflator_Q,1965-10-01
76,18.046,GDP_deflator_Q,1966-01-01
77,18.193,GDP_deflator_Q,1966-04-01
78,18.369,GDP_deflator_Q,1966-07-01
79,18.523,GDP_deflator_Q,1966-10-01
80,18.600,GDP_deflator_Q,1967-01-01
81,18.695,GDP_deflator_Q,1967-04-01
82,18.874,GDP_deflator_Q,1967-07-01
83,19.084,GDP_deflator_Q,1967-10-01
84,19.295,GDP_deflator_Q,1968-01-01
85,19.499,GDP_deflator_Q,1968-04-01
86,19.690,GDP_deflator_Q,1968-07-01
87,19.968,GDP_deflator_Q,1968-10-01
88,20.174,GDP_deflator_Q,1969-01-01
89,20.431,GDP_deflator_Q,1969-04-01
90,20.718,GDP_deflator_Q,1969-07-01
91,20.985,GDP_deflator_Q,1969-10-01
92,21.280,GDP_deflator_Q,1970-01-01
93,21.577,GDP_deflator_Q,1970-04-01
94,21.754,GDP_deflator_Q,1970-07-01
95,22.042,GDP_deflator_Q,1970-10-01
96,22.376,GDP_deflator_Q,1971-01-01
97,22.670,GDP_deflator_Q,1971-04-01
98,22.901,GDP_deflator_Q,1971-07-01
99,23.092,GDP_deflator_Q,1971-10-01
100,23.443,GDP_deflator_Q,1972-01-01
101,23.589,GDP_deflator_Q,1972-04-01
102,23.815,GDP_deflator_Q,1972-07-01
103,24.118,GDP_deflator_Q,1972-10-01
104,24.396,GDP_deflator_Q,1973-01-01
105,24.771,GDP_deflator_Q,1973-04-01
106,25.254,GDP_deflator_Q,1973-07-01
107,25.757,GDP_deflator_Q,1973-10-01
108,26.243,GDP_deflator_Q,1974-01-01
109,26.863,GDP_deflator_Q,1974-04-01
110,27.650,GDP_deflator_Q,1974-07-01
111,28.463,GDP_deflator_Q,1974-10-01
112,29.110,GDP_deflator_Q,1975-01-01
113,29.543,GDP_deflator_Q,1975-04-01
114,30.065,GDP_deflator_Q,1975-07-01
115,30.568,GDP_deflator_Q,1975-10-01
116,30.891,GDP_deflator_Q,1976-01-01
117,31.202,GDP_deflator_Q,1976-04-01
118,31.605,GDP_deflator_Q,1976-07-01
119,32.172,GDP_deflator_Q,1976-10-01
120,32.690,GDP_deflator_Q,1977-01-01
121,33.151,GDP_deflator_Q,1977-04-01
122,33.554,GDP_deflator_Q,1977-07-01
123,34.279,GDP_deflator_Q,1977-10-01
124,34.778,GDP_deflator_Q,1978-01-01
125,35.443,GDP_deflator_Q,1978-04-01
126,36.044,GDP_deflator_Q,1978-07-01
127,36.782,GDP_deflator_Q,1978-10-01
128,37.452,GDP_deflator_Q,1979-01-01
129,38.370,GDP_deflator_Q,1979-04-01
130,39.208,GDP_deflator_Q,1979-07-01
131,39.936,GDP_deflator_Q,1979-10-01
132,40.775,GDP_deflator_Q,1980-01-01
133,41.745,GDP_deflator_Q,1980-04-01
134,42.678,GDP_deflator_Q,1980-07-01
135,43.790,GDP_deflator_Q,1980-10-01
136,44.943,GDP_deflator_Q,1981-01-01
137,45.834,GDP_deflator_Q,1981-04-01
138,46.696,GDP_deflator_Q,1981-07-01
139,47.503,GDP_deflator_Q,1981-10-01
140,48.157,GDP_deflator_Q,1982-01-01
141,48.783,GDP_deflator_Q,1982-04-01
142,49.475,GDP_deflator_Q,1982-07-01
143,49.987,GDP_deflator_Q,1982-10-01
144,50.364,GDP_deflator_Q,1983-01-01
145,50.739,GDP_deflator_Q,1983-04-01
146,51.278,GDP_deflator_Q,1983-07-01
147,51.667,GDP_deflator_Q,1983-10-01
148,52.190,GDP_deflator_Q,1984-01-01
149,52.636,GDP_deflator_Q,1984-04-01
150,53.104,GDP_deflator_Q,1984-07-01
151,53.501,GDP_deflator_Q,1984-10-01
152,54.030,GDP_deflator_Q,1985-01-01
153,54.378,GDP_deflator_Q,1985-04-01
154,54.706,GDP_deflator_Q,1985-07-01
155,55.012,GDP_deflator_Q,1985-10-01
156,55.286,GDP_deflator_Q,1986-01-01
157,55.495,GDP_deflator_Q,1986-04-01
158,55.723,GDP_deflator_Q,1986-07-01
159,56.026,GDP_deflator_Q,1986-10-01
160,56.382,GDP_deflator_Q,1987-01-01
161,56.773,GDP_deflator_Q,1987-04-01
162,57.202,GDP_deflator_Q,1987-07-01
163,57.658,GDP_deflator_Q,1987-10-01
164,58.110,GDP_deflator_Q,1988-01-01
165,58.676,GDP_deflator_Q,1988-04-01
166,59.377,GDP_deflator_Q,1988-07-01
167,59.890,GDP_deflator_Q,1988-10-01
168,60.515,GDP_deflator_Q,1989-01-01
169,61.159,GDP_deflator_Q,1989-04-01
170,61.606,GDP_deflator_Q,1989-07-01
171,62.045,GDP_deflator_Q,1989-10-01
172,62.714,GDP_deflator_Q,1990-01-01
173,63.416,GDP_deflator_Q,1990-04-01
174,63.960,GDP_deflator_Q,1990-07-01
175,64.436,GDP_deflator_Q,1990-10-01
176,65.067,GDP_deflator_Q,1991-01-01
177,65.545,GDP_deflator_Q,1991-04-01
178,66.057,GDP_deflator_Q,1991-07-01
179,66.449,GDP_deflator_Q,1991-10-01
180,66.696,GDP_deflator_Q,1992-01-01
181,67.097,GDP_deflator_Q,1992-04-01
182,67.425,GDP_deflator_Q,1992-07-01
183,67.889,GDP_deflator_Q,1992-10-01
184,68.270,GDP_deflator_Q,1993-01-01
185,68.676,GDP_deflator_Q,1993-04-01
186,69.084,GDP_deflator_Q,1993-07-01
187,69.461,GDP_deflator_Q,1993-10-01
188,69.793,GDP_deflator_Q,1994-01-01
189,70.130,GDP_deflator_Q,1994-04-01
190,70.532,GDP_deflator_Q,1994-07-01
191,70.915,GDP_deflator_Q,1994-10-01
192,71.300,GDP_deflator_Q,1995-01-01
193,71.642,GDP_deflator_Q,1995-04-01
194,71.995,GDP_deflator_Q,1995-07-01
195,72.342,GDP_deflator_Q,1995-10-01
196,72.690,GDP_deflator_Q,1996-01-01
197,72.991,GDP_deflator_Q,1996-04-01
198,73.230,GDP_deflator_Q,1996-07-01
199,73.621,GDP_deflator_Q,1996-10-01
200,74.060,GDP_deflator_Q,1997-01-01
201,74.210,GDP_deflator_Q,1997-04-01
202,74.532,GDP_deflator_Q,1997-07-01
203,74.777,GDP_deflator_Q,1997-10-01
204,74.887,GDP_deflator_Q,1998-01-01
205,75.063,GDP_deflator_Q,1998-04-01
206,75.386,GDP_deflator_Q,1998-07-01
207,75.593,GDP_deflator_Q,1998-10-01
208,75.835,GDP_deflator_Q,1999-01-01
209,76.122,GDP_deflator_Q,1999-04-01
210,76.393,GDP_deflator_Q,1999-07-01
211,76.815,GDP_deflator_Q,1999-10-01
212,77.325,GDP_deflator_Q,2000-01-01
213,77.807,GDP_deflator_Q,2000-04-01
214,78.263,GDP_deflator_Q,2000-07-01
215,78.688,GDP_deflator_Q,2000-10-01
216,79.204,GDP_deflator_Q,2001-01-01
217,79.683,GDP_deflator_Q,2001-04-01
218,79.996,GDP_deflator_Q,2001-07-01
219,80.245,GDP_deflator_Q,2001-10-01
220,80.504,GDP_deflator_Q,2002-01-01
221,80.783,GDP_deflator_Q,2002-04-01
222,81.172,GDP_deflator_Q,2002-07-01
223,81.638,GDP_deflator_Q,2002-10-01
224,82.045,GDP_deflator_Q,2003-01-01
225,82.328,GDP_deflator_Q,2003-04-01
226,82.796,GDP_deflator_Q,2003-07-01
227,83.306,GDP_deflator_Q,2003-10-01
228,83.895,GDP_deflator_Q,2004-01-01
229,84.569,GDP_deflator_Q,2004-04-01
230,85.112,GDP_deflator_Q,2004-07-01
231,85.770,GDP_deflator_Q,2004-10-01
232,86.453,GDP_deflator_Q,2005-01-01
233,87.082,GDP_deflator_Q,2005-04-01
234,87.874,GDP_deflator_Q,2005-07-01
235,88.585,GDP_deflator_Q,2005-10-01
236,89.209,GDP_deflator_Q,2006-01-01
237,90.000,GDP_deflator_Q,2006-04-01
238,90.628,GDP_deflator_Q,2006-07-01
239,90.967,GDP_deflator_Q,2006-10-01
240,91.839,GDP_deflator_Q,2007-01-01
241,92.453,GDP_deflator_Q,2007-04-01
242,92.933,GDP_deflator_Q,2007-07-01
243,93.327,GDP_deflator_Q,2007-10-01
244,93.655,GDP_deflator_Q,2008-01-01
245,94.130,GDP_deflator_Q,2008-04-01
246,94.840,GDP_deflator_Q,2008-07-01
247,95.065,GDP_deflator_Q,2008-10-01
248,95.018,GDP_deflator_Q,2009-01-01
249,94.852,GDP_deflator_Q,2009-04-01
250,94.954,GDP_deflator_Q,2009-07-01
251,95.267,GDP_deflator_Q,2009-10-01
252,95.526,GDP_deflator_Q,2010-01-01
253,95.992,GDP_deflator_Q,2010-04-01
254,96.282,GDP_deflator_Q,2010-07-01
255,96.846,GDP_deflator_Q,2010-10-01
256,97.346,GDP_deflator_Q,2011-01-01
257,97.989,GDP_deflator_Q,2011-04-01
258,98.595,GDP_deflator_Q,2011-07-01
259,98.714,GDP_deflator_Q,2011-10-01
260,99.313,GDP_deflator_Q,2012-01-01
261,99.713,GDP_deflator_Q,2012-04-01
262,100.230,GDP_deflator_Q,2012-07-01
263,100.738,GDP_deflator_Q,2012-10-01
264,101.141,GDP_deflator_Q,2013-01-01
265,101.428,GDP_deflator_Q,2013-04-01
266,101.906,GDP_deflator_Q,2013-07-01
267,102.515,GDP_deflator_Q,2013-10-01
268,102.942,GDP_deflator_Q,2014-01-01
269,103.525,GDP_deflator_Q,2014-04-01
270,103.977,GDP_deflator_Q,2014-07-01
271,104.150,GDP_deflator_Q,2014-10-01
272,104.113,GDP_deflator_Q,2015-01-01
273,104.677,GDP_deflator_Q,2015-04-01
274,104.989,GDP_deflator_Q,2015-07-01
275,104.979,GDP_deflator_Q,2015-10-01
276,104.895,GDP_deflator_Q,2016-01-01
277,105.636,GDP_deflator_Q,2016-04-01
278,105.929,GDP_deflator_Q,2016-07-01
279,106.487,GDP_deflator_Q,2016-10-01
280,107.025,GDP_deflator_Q,2017-01-01
281,107.369,GDP_deflator_Q,2017-04-01
282,107.903,GDP_deflator_Q,2017-07-01
283,108.670,GDP_deflator_Q,2017-10-01
284,109.261,GDP_deflator_Q,2018-01-01
285,110.234,GDP_deflator_Q,2018-04-01
286,110.597,GDP_deflator_Q,2018-07-01
287,111.175,GDP_deflator_Q,2018-10-01
288,111.514,GDP_deflator_Q,2019-01-01
289,112.152,GDP_deflator_Q,2019-04-01
290,112.517,GDP_deflator_Q,2019-07-01
291,112.978,GDP_deflator_Q,2019-10-01
292,113.346,GDP_deflator_Q,2020-01-01
293,112.859,GDP_deflator_Q,2020-04-01
294,113.888,GDP_deflator_Q,2020-07-01
295,114.439,GDP_deflator_Q,2020-10-01
296,115.652,GDP_deflator_Q,2021-01-01
297,117.413,GDP_deflator_Q,2021-04-01
298,119.095,GDP_deflator_Q,2021-07-01
